niveau	ID	Wetenschappelijke naam	Naam	Euring	Species id	Familie	Soortgroep	Soortstatus	Datum	Tijd	invoerdatum	timestamp	type waarneming	Aantal	min	max	Geslacht	telmethode	Kleed	Gedrag	X	Y	lat	Lng	Biotoop	Gebied	Gemeente	Provincie	Zeker	escape	link	precisie	loc_methode	protocol	status	Foto's	Collectienr.	Waardplant	substraat	Methode	Toelichting	Locatie	Tags	Transecten
+	185039337	Otala lactea	Getande melkslak	0	210249	Helicidae (Tuinslakken e.a.)	molluscs	Native	02/02/2020	16:50	02/02/2020	34:02.2	ObsMapp	1	0	0	onbekend	onbekend	onbekend	ter plaatse	"-15,72184"	"27,88154"	"27,8815364837646"	"-15,7218370437622"	 onbekend	Spain - Gran Canaria - Mogán	Spain - Las Palmas	Spain	Y	N	https://observation.org/waarneming/view/185039337	25	110	1	O	0		-	-	onbekend	"""1 adult"""			0
+	185039338	Hemicycla spec.		0	689642	Helicidae (Tuinslakken e.a.)	molluscs	Native	02/02/2020	16:40	02/02/2020	01:30.7	ObsMapp	3	0	0	onbekend	onbekend	onbekend	ter plaatse	"-15,72190"	"27,88148"	"27,88147736"	"-15,72189999"	 onbekend	Spain - Gran Canaria - Mogán	Spain - Las Palmas	Spain	Y	N	https://observation.org/waarneming/view/185039338	25	110	1	O	0		-	Niet van toepassing	onbekend	"""aff. saponacea 1 adult, 2 juv"""			0
+	185039339	Hemicycla spec.		0	689642	Helicidae (Tuinslakken e.a.)	molluscs	Native	02/02/2020	16:09	02/02/2020	34:02.3	ObsMapp	40	0	0	onbekend	schatting	onbekend	ter plaatse	"-15,72196"	"27,88132"	"27,8813209533691"	"-15,7219648361206"	 onbekend	Spain - Gran Canaria - Mogán	Spain - Las Palmas	Spain	Y	N	https://observation.org/waarneming/view/185039339	25	110	1	O	0		-	-	onbekend	"""psathyra psathyra 12 adult"""			0
+	185039340	Mollusca indet.	Weekdier onbekend	0	26431	Mollusca indet.	molluscs	Native	02/02/2020	16:02	02/02/2020	59:45.3	ObsMapp	3	0	0	onbekend	onbekend	onbekend	ter plaatse	"-15,72211"	"27,88145"	"27,88145065"	"-15,72210503"	 onbekend	Spain - Gran Canaria - Mogán	Spain - Las Palmas	Spain	Y	N	https://observation.org/waarneming/view/185039340	25	110	1	O	0		-	Niet van toepassing	onbekend	"""Napaeus josei 2 adult, 1 juv"""			0
+	185039341	Monilearia spec.		0	685911	Helicidae (Tuinslakken e.a.)	molluscs	Native	02/02/2020	15:55	02/02/2020	25:37.9	ObsMapp	5	0	0	onbekend	onbekend	onbekend	ter plaatse	"-15,72218"	"27,88153"	"27,88153458"	"-15,72218418"	 onbekend	Spain - Gran Canaria - Mogán	Spain - Las Palmas	Spain	Y	N	https://observation.org/waarneming/view/185039341	25	110	1	O	0		-	Niet van toepassing	onbekend	"""persimilis adult"""			0
+	185039342	Xerotricha orbignii		0	546017	Hygromiidae (Loofslakken e.a.)	molluscs	Native	02/02/2020	15:53	02/02/2020	34:02.3	ObsMapp	2	0	0	onbekend	onbekend	onbekend	ter plaatse	"-15,72219"	"27,88153"	"27,8815288543701"	"-15,7221879959106"	 onbekend	Spain - Gran Canaria - Mogán	Spain - Las Palmas	Spain	Y	N	https://observation.org/waarneming/view/185039342	25	110	1	O	0		-	-	onbekend	"""1 juv, 1 adult"""			0
+	185039343	Caracollina lenticula		0	721479	Trissexodontidae	molluscs	Native	02/02/2020	15:43	02/02/2020	34:02.3	ObsMapp	2	0	0	onbekend	onbekend	onbekend	ter plaatse	"-15,72261"	"27,88164"	"27,8816375732422"	"-15,7226085662842"	 onbekend	Spain - Gran Canaria - Mogán	Spain - Las Palmas	Spain	Y	N	https://observation.org/waarneming/view/185039343	25	110	1	O	0		-	-	onbekend	"""2 adult"""			0
+	185039344	Hemicycla spec.		0	689642	Helicidae (Tuinslakken e.a.)	molluscs	Native	02/02/2020	15:38	02/02/2020	34:02.4	ObsMapp	11	0	0	onbekend	onbekend	onbekend	ter plaatse	"-15,72262"	"27,88169"	"27,8816928863525"	"-15,7226190567017"	 onbekend	Spain - Gran Canaria - Mogán	Spain - Las Palmas	Spain	Y	N	https://observation.org/waarneming/view/185039344	25	110	1	O	1		-	-	onbekend	"""psathyra psathyra 9 adult 2 juv"""			0
+	185039345	Xerotricha orbignii		0	546017	Hygromiidae (Loofslakken e.a.)	molluscs	Native	02/02/2020	15:31	02/02/2020	57:01.0	ObsMapp	2	0	0	onbekend	onbekend	onbekend	ter plaatse	"-15,72254"	"27,88191"	"27,88191032"	"-15,7225399"	 onbekend	Spain - Gran Canaria - Mogán	Spain - Las Palmas	Spain	Y	N	https://observation.org/waarneming/view/185039345	25	110	1	O	0		-	Niet van toepassing	onbekend	"""1 adult, 1 juv"""			0
+	185039347	Mollusca indet.	Weekdier onbekend	0	26431	Mollusca indet.	molluscs	Native	02/02/2020	15:24	02/02/2020	54:34.2	ObsMapp	2	0	0	onbekend	onbekend	onbekend	ter plaatse	"-15,72253"	"27,88191"	"27,88191414"	"-15,7225256"	 onbekend	Spain - Gran Canaria - Mogán	Spain - Las Palmas	Spain	Y	N	https://observation.org/waarneming/view/185039347	25	110	1	O	0		-	Niet van toepassing	onbekend	"""napaeus venegueraensis adult"""			0
+	185039348	Monilearia spec.		0	685911	Helicidae (Tuinslakken e.a.)	molluscs	Native	02/02/2020	15:24	02/02/2020	26:19.3	ObsMapp	6	0	0	onbekend	onbekend	onbekend	ter plaatse	"-15,72253"	"27,88191"	"27,88191414"	"-15,72252655"	 onbekend	Spain - Gran Canaria - Mogán	Spain - Las Palmas	Spain	Y	N	https://observation.org/waarneming/view/185039348	25	110	1	O	0		-	Niet van toepassing	onbekend	"""persimilis 5 adult 1 juv"""			0
+	185039349	Xerotricha orbignii		0	546017	Hygromiidae (Loofslakken e.a.)	molluscs	Native	02/02/2020	15:03	02/02/2020	53:47.6	ObsMapp	2	0	0	onbekend	onbekend	onbekend	ter plaatse	"-15,72262"	"27,88204"	"27,88204002"	"-15,72261715"	 onbekend	Spain - Gran Canaria - Mogán	Spain - Las Palmas	Spain	Y	N	https://observation.org/waarneming/view/185039349	25	110	1	O	0		-	Niet van toepassing	onbekend	juv			0
+	185039350	Monilearia spec.		0	685911	Helicidae (Tuinslakken e.a.)	molluscs	Native	02/02/2020	15:02	02/02/2020	25:14.6	ObsMapp	5	0	0	onbekend	onbekend	onbekend	ter plaatse	"-15,72263"	"27,88208"	"27,88208199"	"-15,72263145"	 onbekend	Spain - Gran Canaria - Mogán	Spain - Las Palmas	Spain	Y	N	https://observation.org/waarneming/view/185039350	25	110	1	O	0		-	Niet van toepassing	onbekend	"""monilearia persimilis adult"""			0
+	185039351	Mollusca indet.	Weekdier onbekend	0	26431	Mollusca indet.	molluscs	Native	02/02/2020	14:59	02/02/2020	34:02.5	ObsMapp	1	0	0	onbekend	onbekend	onbekend	ter plaatse	"-15,72266"	"27,88210"	"27,8820972442627"	"-15,7226572036743"	 onbekend	Spain - Gran Canaria - Mogán	Spain - Las Palmas	Spain	Y	N	https://observation.org/waarneming/view/185039351	25	110	1	O	0		-	-	onbekend	"""napaeus venegueraensis, 1 adult"""			0
+	185039352	Caracollina lenticula		0	721479	Trissexodontidae	molluscs	Native	02/02/2020	14:56	02/02/2020	34:02.7	ObsMapp	1	0	0	onbekend	onbekend	onbekend	ter plaatse	"-15,72264"	"27,88210"	"27,88210105896"	"-15,722638130188"	 onbekend	Spain - Gran Canaria - Mogán	Spain - Las Palmas	Spain	Y	N	https://observation.org/waarneming/view/185039352	25	110	1	O	1		-	-	onbekend	"""1 adult"""			0
+	185039353	Rumina decollata		0	210250	Subulinidae	molluscs	Native	02/02/2020	14:44	02/02/2020	48:04.3	ObsMapp	3	0	0	onbekend	onbekend	onbekend	ter plaatse	"-15,72274"	"27,88516"	"27,88516045"	"-15,72273827"	 onbekend	Spain - Gran Canaria - Mogán	Spain - Las Palmas	Spain	Y	N	https://observation.org/waarneming/view/185039353	25	110	1	O	1		-	Niet van toepassing	onbekend	adult			0
+	185057180	Monilearia spec.		0	685911	Helicidae (Tuinslakken e.a.)	molluscs	Native	03/02/2020	11:01	03/02/2020	29:39.7	ObsMapp	1	0	0	onbekend	onbekend	onbekend	levend dier	"-15,72960"	"27,88909"	"27,88909149"	"-15,72960281"	 onbekend	Spain - Gran Canaria - Mogán	Spain - Las Palmas	Spain	Y	N	https://observation.org/waarneming/view/185057180	25	110	1	O	0		-	Niet van toepassing	onbekend	"""persimilis """			0
+	185057182	Hemicycla spec.		0	689642	Helicidae (Tuinslakken e.a.)	molluscs	Native	03/02/2020	10:28	03/02/2020	34:02.0	ObsMapp	50	0	0	onbekend	schatting	onbekend	ter plaatse	"-15,72952"	"27,88936"	"27,8893642425537"	"-15,7295227050781"	 onbekend	Spain - Gran Canaria - Mogán	Spain - Las Palmas	Spain	Y	N	https://observation.org/waarneming/view/185057182	25	110	1	O	0		-	-	onbekend	"""psathyra psathyra"""			0
+	185057183	Mollusca indet.	Weekdier onbekend	0	26431	Mollusca indet.	molluscs	Native	03/02/2020	10:27	03/02/2020	31:32.1	ObsMapp	15	0	0	onbekend	schatting	onbekend	ter plaatse	"-15,72954"	"27,88935"	"27,88934517"	"-15,72954178"	 onbekend	Spain - Gran Canaria - Mogán	Spain - Las Palmas	Spain	Y	N	https://observation.org/waarneming/view/185057183	25	110	1	O	0		-	Niet van toepassing	onbekend	"""Napaeus josei"""			0
+	185057184	Xerotricha orbignii		0	546017	Hygromiidae (Loofslakken e.a.)	molluscs	Native	03/02/2020	10:20	03/02/2020	34:02.0	ObsMapp	40	0	0	onbekend	schatting	onbekend	ter plaatse	"-15,72961"	"27,88936"	"27,8893642425537"	"-15,7296104431152"	 onbekend	Spain - Gran Canaria - Mogán	Spain - Las Palmas	Spain	Y	N	https://observation.org/waarneming/view/185057184	25	110	1	O	0		-	-	onbekend				0
+	185057185	Hemicycla spec.		0	689642	Helicidae (Tuinslakken e.a.)	molluscs	Native	03/02/2020	10:20	03/02/2020	34:02.0	ObsMapp	1	0	0	onbekend	onbekend	onbekend	ter plaatse	"-15,72961"	"27,88936"	"27,8893642425537"	"-15,7296104431152"	 onbekend	Spain - Gran Canaria - Mogán	Spain - Las Palmas	Spain	Y	N	https://observation.org/waarneming/view/185057185	25	110	1	O	0		-	-	onbekend	"""aff. saponacea"""			0
+	185057186	Monilearia spec.		0	685911	Helicidae (Tuinslakken e.a.)	molluscs	Native	03/02/2020	10:10	03/02/2020	29:11.0	ObsMapp	4	0	0	onbekend	onbekend	onbekend	ter plaatse	"-15,72932"	"27,88956"	"27,88955688"	"-15,72931767"	 onbekend	Spain - Gran Canaria - Mogán	Spain - Las Palmas	Spain	Y	N	https://observation.org/waarneming/view/185057186	25	110	1	O	0		-	Niet van toepassing	onbekend	"""persimilis """			0
+	185057187	Caracollina lenticula		0	721479	Trissexodontidae	molluscs	Native	03/02/2020	10:10	03/02/2020	34:02.1	ObsMapp	3	0	0	onbekend	onbekend	onbekend	ter plaatse	"-15,72928"	"27,88958"	"27,8895816802979"	"-15,7292776107788"	 onbekend	Spain - Gran Canaria - Mogán	Spain - Las Palmas	Spain	Y	N	https://observation.org/waarneming/view/185057187	25	110	1	O	0		-	-	onbekend				0
+	185057188	Caracollina lenticula		0	721479	Trissexodontidae	molluscs	Native	03/02/2020	09:50	03/02/2020	34:02.1	ObsMapp	10	0	0	onbekend	schatting	onbekend	ter plaatse	"-15,72851"	"27,88868"	"27,8886775970459"	"-15,7285137176514"	 onbekend	Spain - Gran Canaria - Mogán	Spain - Las Palmas	Spain	Y	N	https://observation.org/waarneming/view/185057188	25	110	1	O	0		-	-	onbekend				0
+	185057189	Monilearia spec.		0	685911	Helicidae (Tuinslakken e.a.)	molluscs	Native	03/02/2020	09:43	03/02/2020	28:38.2	ObsMapp	1	0	0	onbekend	onbekend	onbekend	ter plaatse	"-15,72824"	"27,88805"	"27,88805008"	"-15,72824383"	 onbekend	Spain - Gran Canaria - Mogán	Spain - Las Palmas	Spain	Y	N	https://observation.org/waarneming/view/185057189	25	110	1	O	0		-	Niet van toepassing	onbekend	"""persimilis """			0
+	185057190	Hemicycla spec.		0	689642	Helicidae (Tuinslakken e.a.)	molluscs	Native	03/02/2020	09:42	03/02/2020	34:02.1	ObsMapp	1	0	0	onbekend	onbekend	onbekend	ter plaatse	"-15,72827"	"27,88807"	"27,8880653381348"	"-15,7282676696777"	 onbekend	Spain - Gran Canaria - Mogán	Spain - Las Palmas	Spain	Y	N	https://observation.org/waarneming/view/185057190	25	110	1	O	0		-	-	onbekend	"""psathyra psathyra"""			0
+	185057191	Hemicycla spec.		0	689642	Helicidae (Tuinslakken e.a.)	molluscs	Native	03/02/2020	09:03	03/02/2020	34:02.1	ObsMapp	10	0	0	onbekend	onbekend	onbekend	ter plaatse	"-15,72690"	"27,88627"	"27,8862724304199"	"-15,7268962860107"	 onbekend	Spain - Gran Canaria - Mogán	Spain - Las Palmas	Spain	Y	N	https://observation.org/waarneming/view/185057191	25	110	1	O	0		-	-	onbekend	"""psathyra psathyra"""			0
+	185057192	Caracollina lenticula		0	721479	Trissexodontidae	molluscs	Native	03/02/2020	09:03	03/02/2020	34:02.1	ObsMapp	10	0	0	onbekend	onbekend	onbekend	ter plaatse	"-15,72690"	"27,88627"	"27,8862705230713"	"-15,7268953323364"	 onbekend	Spain - Gran Canaria - Mogán	Spain - Las Palmas	Spain	Y	N	https://observation.org/waarneming/view/185057192	25	110	1	O	0		-	-	onbekend				0
+	185057193	Otala lactea	Getande melkslak	0	210249	Helicidae (Tuinslakken e.a.)	molluscs	Native	03/02/2020	08:59	03/02/2020	34:02.2	ObsMapp	3	0	0	onbekend	onbekend	onbekend	ter plaatse	"-15,72681"	"27,88602"	"27,8860206604004"	"-15,7268142700195"	 onbekend	Spain - Gran Canaria - Mogán	Spain - Las Palmas	Spain	Y	N	https://observation.org/waarneming/view/185057193	25	110	1	O	0		-	-	onbekend				0
+	185057194	Monilearia spec.		0	685911	Helicidae (Tuinslakken e.a.)	molluscs	Native	03/02/2020	08:57	03/02/2020	28:04.7	ObsMapp	4	0	0	onbekend	onbekend	onbekend	ter plaatse	"-15,72673"	"27,88597"	"27,88597488"	"-15,72673035"	 onbekend	Spain - Gran Canaria - Mogán	Spain - Las Palmas	Spain	Y	N	https://observation.org/waarneming/view/185057194	25	110	1	O	0		-	Niet van toepassing	onbekend	"""persimilis """			0
+	185057195	Hemicycla spec.		0	689642	Helicidae (Tuinslakken e.a.)	molluscs	Native	03/02/2020	08:55	03/02/2020	34:02.2	ObsMapp	1	0	0	onbekend	onbekend	onbekend	ter plaatse	"-15,72671"	"27,88598"	"27,8859806060791"	"-15,7267074584961"	 onbekend	Spain - Gran Canaria - Mogán	Spain - Las Palmas	Spain	Y	N	https://observation.org/waarneming/view/185057195	25	110	1	O	0		-	-	onbekend	"""psathyra psathyra"""			0
+	185057196	Caracollina lenticula		0	721479	Trissexodontidae	molluscs	Native	03/02/2020	08:45	03/02/2020	34:02.2	ObsMapp	1	0	0	onbekend	onbekend	onbekend	ter plaatse	"-15,72548"	"27,88528"	"27,8852825164795"	"-15,7254838943481"	 onbekend	Spain - Gran Canaria - Mogán	Spain - Las Palmas	Spain	Y	N	https://observation.org/waarneming/view/185057196	25	110	1	O	0		-	-	onbekend				0
+	185057197	Hemicycla spec.		0	689642	Helicidae (Tuinslakken e.a.)	molluscs	Native	03/02/2020	08:44	03/02/2020	34:02.5	ObsMapp	9	0	0	onbekend	onbekend	onbekend	ter plaatse	"-15,72516"	"27,88528"	"27,8852806091309"	"-15,7251644134521"	 onbekend	Spain - Gran Canaria - Mogán	Spain - Las Palmas	Spain	Y	N	https://observation.org/waarneming/view/185057197	25	110	1	O	1		-	-	onbekend	"""psathyra psathyra"""			0
+	185057198	Monilearia spec.		0	685911	Helicidae (Tuinslakken e.a.)	molluscs	Native	03/02/2020	08:40	03/02/2020	26:49.9	ObsMapp	1	0	0	onbekend	onbekend	onbekend	ter plaatse	"-15,72476"	"27,88411"	"27,88410759"	"-15,72475719"	 onbekend	Spain - Gran Canaria - Mogán	Spain - Las Palmas	Spain	Y	N	https://observation.org/waarneming/view/185057198	25	110	1	O	0		-	Niet van toepassing	onbekend	"""persimilis """			0
+	185057199	Ferussacia folliculum		0	911636	Ferussaciidae (Blindslakjes)	molluscs	Native	03/02/2020	08:40	03/02/2020	34:02.5	ObsMapp	2	0	0	onbekend	exact aantal	onbekend	ter plaatse	"-15,72476"	"27,88411"	"27,8841075897217"	"-15,7247562408447"	 onbekend	Spain - Gran Canaria - Mogán	Spain - Las Palmas	Spain	Y	N	https://observation.org/waarneming/view/185057199	25	110	1	O	0		-	-	onbekend				0
+	185057200	Caracollina lenticula		0	721479	Trissexodontidae	molluscs	Native	03/02/2020	08:39	03/02/2020	34:02.5	ObsMapp	10	0	0	onbekend	schatting	onbekend	ter plaatse	"-15,72476"	"27,88411"	"27,8841075897217"	"-15,7247552871704"	 onbekend	Spain - Gran Canaria - Mogán	Spain - Las Palmas	Spain	Y	N	https://observation.org/waarneming/view/185057200	25	110	1	O	0		-	-	onbekend				0
+	185057201	Hemicycla spec.		0	689642	Helicidae (Tuinslakken e.a.)	molluscs	Native	03/02/2020	08:39	03/02/2020	34:02.5	ObsMapp	50	0	0	onbekend	schatting	onbekend	ter plaatse	"-15,72476"	"27,88411"	"27,8841075897217"	"-15,7247552871704"	 onbekend	Spain - Gran Canaria - Mogán	Spain - Las Palmas	Spain	Y	N	https://observation.org/waarneming/view/185057201	25	110	1	O	0		-	-	onbekend	"""psathyra psathyra"""			0
+	185134404	Hemicycla spec.		0	689642	Helicidae (Tuinslakken e.a.)	molluscs	Native	04/02/2020	17:36	04/02/2020	34:03.4	ObsMapp	2	0	0	onbekend	exact aantal	onbekend	ter plaatse	"-15,72981"	"27,89236"	"27,8923606872559"	"-15,7298069000244"	 onbekend	Spain - Gran Canaria - Mogán	Spain - Las Palmas	Spain	Y	N	https://observation.org/waarneming/view/185134404	25	110	1	O	0		-	-	onbekend	"""psathyra psathyra niet in coll"""			0
+	185134405	Otala lactea	Getande melkslak	0	210249	Helicidae (Tuinslakken e.a.)	molluscs	Native	04/02/2020	17:29	04/02/2020	34:03.5	ObsMapp	1	0	0	onbekend	exact aantal	onbekend	ter plaatse	"-15,73041"	"27,89393"	"27,8939304351807"	"-15,730411529541"	 onbekend	Spain - Gran Canaria - Mogán	Spain - Las Palmas	Spain	Y	N	https://observation.org/waarneming/view/185134405	25	110	1	O	0		-	-	onbekend	"""adult niet in coll"""			0
+	185134406	Mollusca indet.	Weekdier onbekend	0	26431	Mollusca indet.	molluscs	Native	04/02/2020	17:25	04/02/2020	34:03.6	ObsMapp	3	0	0	onbekend	exact aantal	onbekend	ter plaatse	"-15,72968"	"27,89382"	"27,89381980896"	"-15,7296781539917"	 onbekend	Spain - Gran Canaria - Mogán	Spain - Las Palmas	Spain	Y	N	https://observation.org/waarneming/view/185134406	25	110	1	O	0		-	-	onbekend	"""Napaeus josei adult in coll"""			0
+	185134407	Monilearia spec.		0	685911	Helicidae (Tuinslakken e.a.)	molluscs	Native	04/02/2020	17:17	04/02/2020	34:03.6	ObsMapp	5	0	0	onbekend	schatting	onbekend	ter plaatse	"-15,72817"	"27,89412"	"27,8941230773926"	"-15,7281703948975"	 onbekend	Spain - Gran Canaria - Mogán	Spain - Las Palmas	Spain	Y	N	https://observation.org/waarneming/view/185134407	25	110	1	O	0		-	-	onbekend	"""persimilis niet in coll"""			0
+	185134408	Caracollina lenticula		0	721479	Trissexodontidae	molluscs	Native	04/02/2020	17:13	04/02/2020	34:03.6	ObsMapp	3	0	0	onbekend	exact aantal	onbekend	ter plaatse	"-15,72826"	"27,89482"	"27,8948211669922"	"-15,7282571792603"	 onbekend	Spain - Gran Canaria - Mogán	Spain - Las Palmas	Spain	Y	N	https://observation.org/waarneming/view/185134408	25	110	1	O	0		-	-	onbekend	"""niet in coll"""			0
+	185134409	Hemicycla spec.		0	689642	Helicidae (Tuinslakken e.a.)	molluscs	Native	04/02/2020	17:12	04/02/2020	34:03.6	ObsMapp	15	0	0	onbekend	schatting	onbekend	ter plaatse	"-15,72826"	"27,89481"	"27,8948097229004"	"-15,7282562255859"	 onbekend	Spain - Gran Canaria - Mogán	Spain - Las Palmas	Spain	Y	N	https://observation.org/waarneming/view/185134409	25	110	1	O	0		-	-	onbekend	"""psathyra psathyra niet in coll"""			0
+	185134410	Hemicycla spec.		0	689642	Helicidae (Tuinslakken e.a.)	molluscs	Native	04/02/2020	17:03	04/02/2020	34:03.6	ObsMapp	10	0	0	onbekend	schatting	onbekend	ter plaatse	"-15,72969"	"27,89795"	"27,8979549407959"	"-15,7296943664551"	 onbekend	Spain - Gran Canaria - Mogán	Spain - Las Palmas	Spain	Y	N	https://observation.org/waarneming/view/185134410	25	110	1	O	0		-	-	onbekend	"""psathyra psathyra niet in coll"""			0
+	185134411	Monilearia spec.		0	685911	Helicidae (Tuinslakken e.a.)	molluscs	Native	04/02/2020	17:03	04/02/2020	34:03.6	ObsMapp	1	0	0	onbekend	onbekend	onbekend	ter plaatse	"-15,72970"	"27,89796"	"27,8979606628418"	"-15,7297039031982"	 onbekend	Spain - Gran Canaria - Mogán	Spain - Las Palmas	Spain	Y	N	https://observation.org/waarneming/view/185134411	25	110	1	O	0		-	-	onbekend	"""persimilis niet in coll"""			0
+	185134412	Caracollina lenticula		0	721479	Trissexodontidae	molluscs	Native	04/02/2020	17:02	04/02/2020	34:03.7	ObsMapp	10	0	0	onbekend	schatting	onbekend	ter plaatse	"-15,72971"	"27,89796"	"27,8979606628418"	"-15,7297067642212"	 onbekend	Spain - Gran Canaria - Mogán	Spain - Las Palmas	Spain	Y	N	https://observation.org/waarneming/view/185134412	25	110	1	O	0		-	-	onbekend	"""niet in coll"""			0
+	185134413	Hemicycla spec.		0	689642	Helicidae (Tuinslakken e.a.)	molluscs	Native	04/02/2020	16:57	04/02/2020	34:03.7	ObsMapp	1	0	0	onbekend	onbekend	onbekend	ter plaatse	"-15,72935"	"27,90045"	"27,900447845459"	"-15,7293500900269"	 onbekend	Spain - Gran Canaria - Mogán	Spain - Las Palmas	Spain	Y	N	https://observation.org/waarneming/view/185134413	25	110	1	O	0		-	-	onbekend	"""psathyra psathyra adult niet in coll"""			0
+	185134414	Caracollina lenticula		0	721479	Trissexodontidae	molluscs	Native	04/02/2020	16:57	04/02/2020	34:03.7	ObsMapp	2	0	0	onbekend	onbekend	onbekend	ter plaatse	"-15,72935"	"27,90045"	"27,9004535675049"	"-15,7293548583984"	 onbekend	Spain - Gran Canaria - Mogán	Spain - Las Palmas	Spain	Y	N	https://observation.org/waarneming/view/185134414	25	110	1	O	0		-	-	onbekend	"""adult niet in coll"""			0
+	185134415	Hemicycla spec.		0	689642	Helicidae (Tuinslakken e.a.)	molluscs	Native	04/02/2020	16:54	04/02/2020	34:03.7	ObsMapp	1	0	0	onbekend	onbekend	onbekend	levend dier	"-15,72996"	"27,90109"	"27,901086807251"	"-15,7299633026123"	 onbekend	Spain - Gran Canaria - Mogán	Spain - Las Palmas	Spain	Y	N	https://observation.org/waarneming/view/185134415	25	110	1	O	0		-	-	onbekend	"""psathyra psathyra adult niet in coll, levend"""			0
+	185134416	Hemicycla spec.		0	689642	Helicidae (Tuinslakken e.a.)	molluscs	Native	04/02/2020	16:28	04/02/2020	34:03.7	ObsMapp	1	0	0	onbekend	onbekend	onbekend	ter plaatse	"-15,73501"	"27,91397"	"27,9139747619629"	"-15,7350063323975"	 onbekend	Spain - Gran Canaria - Mogán	Spain - Las Palmas	Spain	Y	N	https://observation.org/waarneming/view/185134416	25	110	1	O	0		-	-	onbekend	"""psathyra psathyra adult niet in coll"""			0
+	185134417	Hemicycla spec.		0	689642	Helicidae (Tuinslakken e.a.)	molluscs	Native	04/02/2020	16:21	04/02/2020	34:03.7	ObsMapp	2	0	0	onbekend	onbekend	onbekend	ter plaatse	"-15,73525"	"27,91243"	"27,9124298095703"	"-15,7352514266968"	 onbekend	Spain - Gran Canaria - Mogán	Spain - Las Palmas	Spain	Y	N	https://observation.org/waarneming/view/185134417	25	110	1	O	0		-	-	onbekend	"""adult niet in coll"""			0
+	185134418	Monilearia spec.		0	685911	Helicidae (Tuinslakken e.a.)	molluscs	Native	04/02/2020	16:11	04/02/2020	34:03.7	ObsMapp	1	0	0	onbekend	onbekend	onbekend	ter plaatse	"-15,73356"	"27,90866"	"27,908655166626"	"-15,7335605621338"	 onbekend	Spain - Gran Canaria - Mogán	Spain - Las Palmas	Spain	Y	N	https://observation.org/waarneming/view/185134418	25	110	1	O	0		-	-	onbekend	"""persimilis adult niet in coll"""			0
+	185134419	Hemicycla spec.		0	689642	Helicidae (Tuinslakken e.a.)	molluscs	Native	04/02/2020	16:06	04/02/2020	34:04.2	ObsMapp	2	0	0	onbekend	onbekend	onbekend	ter plaatse	"-15,73350"	"27,90657"	"27,906566619873"	"-15,7334957122803"	 onbekend	Spain - Gran Canaria - Mogán	Spain - Las Palmas	Spain	Y	N	https://observation.org/waarneming/view/185134419	25	110	1	O	2		-	-	onbekend	"""adult niet in coll"""			0
+	185134420	Rumina decollata		0	210250	Subulinidae	molluscs	Native	04/02/2020	15:59	04/02/2020	34:04.2	ObsMapp	2	0	0	onbekend	onbekend	onbekend	ter plaatse	"-15,73184"	"27,90481"	"27,904806137085"	"-15,7318439483643"	 onbekend	Spain - Gran Canaria - Mogán	Spain - Las Palmas	Spain	Y	N	https://observation.org/waarneming/view/185134420	25	110	1	O	0		-	-	onbekend	"""adult not in col"""			0
+	185134421	Otala lactea	Getande melkslak	0	210249	Helicidae (Tuinslakken e.a.)	molluscs	Native	04/02/2020	15:58	04/02/2020	34:04.2	ObsMapp	1	0	0	onbekend	onbekend	onbekend	ter plaatse	"-15,73183"	"27,90481"	"27,9048099517822"	"-15,7318277359009"	 onbekend	Spain - Gran Canaria - Mogán	Spain - Las Palmas	Spain	Y	N	https://observation.org/waarneming/view/185134421	25	110	1	O	0		-	-	onbekend	"""adult not in coll"""			0
+	185134422	Otala lactea	Getande melkslak	0	210249	Helicidae (Tuinslakken e.a.)	molluscs	Native	04/02/2020	15:19	04/02/2020	34:04.2	ObsMapp	1	0	0	onbekend	onbekend	onbekend	ter plaatse	"-15,73034"	"27,90301"	"27,9030055999756"	"-15,7303419113159"	 onbekend	Spain - Gran Canaria - Mogán	Spain - Las Palmas	Spain	Y	N	https://observation.org/waarneming/view/185134422	25	110	1	O	0		-	-	onbekend	"""adult niet in coll"""			0
+	185134423	Hemicycla spec.		0	689642	Helicidae (Tuinslakken e.a.)	molluscs	Native	04/02/2020	15:13	04/02/2020	34:04.2	ObsMapp	1	0	0	onbekend	onbekend	onbekend	ter plaatse	"-15,72995"	"27,90049"	"27,9004917144775"	"-15,7299499511719"	 onbekend	Spain - Gran Canaria - Mogán	Spain - Las Palmas	Spain	Y	N	https://observation.org/waarneming/view/185134423	25	110	1	O	0		-	-	onbekend	"""psathyra psathyra adult niet in coll"""			0
+	185134424	Otala lactea	Getande melkslak	0	210249	Helicidae (Tuinslakken e.a.)	molluscs	Native	04/02/2020	14:43	04/02/2020	34:04.3	ObsMapp	1	0	0	onbekend	onbekend	onbekend	ter plaatse	"-15,74078"	"27,89109"	"27,8910903930664"	"-15,7407751083374"	 onbekend	Spain - Gran Canaria - Mogán	Spain - Las Palmas	Spain	Y	N	https://observation.org/waarneming/view/185134424	25	110	1	O	0		-	-	onbekend	"""adult niet in coll"""			0
+	185134425	Mollusca indet.	Weekdier onbekend	0	26431	Mollusca indet.	molluscs	Native	04/02/2020	14:42	04/02/2020	34:04.3	ObsMapp	1	0	0	onbekend	onbekend	onbekend	ter plaatse	"-15,74070"	"27,89095"	"27,8909549713135"	"-15,740704536438"	 onbekend	Spain - Gran Canaria - Mogán	Spain - Las Palmas	Spain	Y	N	https://observation.org/waarneming/view/185134425	25	110	1	O	0		-	-	onbekend	"""Napaeus venegueraensis adult in coll"""			0
+	185134426	Hemicycla spec.		0	689642	Helicidae (Tuinslakken e.a.)	molluscs	Native	04/02/2020	14:34	04/02/2020	34:04.3	ObsMapp	1	0	0	onbekend	onbekend	onbekend	ter plaatse	"-15,74303"	"27,88875"	"27,8887500762939"	"-15,7430324554443"	 onbekend	Spain - Gran Canaria - Mogán	Spain - Las Palmas	Spain	Y	N	https://observation.org/waarneming/view/185134426	25	110	1	O	0		-	-	onbekend	"""psathyra psathyra niet in coll"""			0
+	185134427	Monilearia spec.		0	685911	Helicidae (Tuinslakken e.a.)	molluscs	Native	04/02/2020	14:33	04/02/2020	34:04.3	ObsMapp	1	0	0	onbekend	onbekend	onbekend	ter plaatse	"-15,74304"	"27,88879"	"27,8887920379639"	"-15,7430429458618"	 onbekend	Spain - Gran Canaria - Mogán	Spain - Las Palmas	Spain	Y	N	https://observation.org/waarneming/view/185134427	25	110	1	O	0		-	-	onbekend	"""persimilis niet in coll"""			0
+	185134428	Caracollina lenticula		0	721479	Trissexodontidae	molluscs	Native	04/02/2020	14:33	04/02/2020	34:04.3	ObsMapp	1	0	0	onbekend	onbekend	onbekend	ter plaatse	"-15,74308"	"27,88880"	"27,8888034820557"	"-15,7430791854858"	 onbekend	Spain - Gran Canaria - Mogán	Spain - Las Palmas	Spain	Y	N	https://observation.org/waarneming/view/185134428	25	110	1	O	0		-	-	onbekend	"""niet in coll"""			0
+	185134429	Monilearia spec.		0	685911	Helicidae (Tuinslakken e.a.)	molluscs	Native	04/02/2020	14:07	04/02/2020	34:04.3	ObsMapp	10	0	0	onbekend	schatting	onbekend	ter plaatse	"-15,74324"	"27,88753"	"27,8875331878662"	"-15,743239402771"	 onbekend	Spain - Gran Canaria - Mogán	Spain - Las Palmas	Spain	Y	N	https://observation.org/waarneming/view/185134429	25	110	1	O	0		-	-	onbekend	"""persimilis niet in coll"""			0
+	185134430	Caracollina lenticula		0	721479	Trissexodontidae	molluscs	Native	04/02/2020	14:07	04/02/2020	34:04.4	ObsMapp	10	0	0	onbekend	schatting	onbekend	ter plaatse	"-15,74325"	"27,88751"	"27,8875122070313"	"-15,7432498931885"	 onbekend	Spain - Gran Canaria - Mogán	Spain - Las Palmas	Spain	Y	N	https://observation.org/waarneming/view/185134430	25	110	1	O	0		-	-	onbekend	"""niet in coll"""			0
+	185134431	Hemicycla spec.		0	689642	Helicidae (Tuinslakken e.a.)	molluscs	Native	04/02/2020	14:06	04/02/2020	34:04.4	ObsMapp	1	0	0	onbekend	onbekend	onbekend	ter plaatse	"-15,74296"	"27,88768"	"27,8876762390137"	"-15,7429599761963"	 onbekend	Spain - Gran Canaria - Mogán	Spain - Las Palmas	Spain	Y	N	https://observation.org/waarneming/view/185134431	25	110	1	O	0		-	-	onbekend	"""psathyra psathyra adult niet in coll"""			0
+	185134432	Otala lactea	Getande melkslak	0	210249	Helicidae (Tuinslakken e.a.)	molluscs	Native	04/02/2020	14:05	04/02/2020	34:04.4	ObsMapp	2	0	0	onbekend	onbekend	onbekend	ter plaatse	"-15,74296"	"27,88769"	"27,8876876831055"	"-15,7429647445679"	 onbekend	Spain - Gran Canaria - Mogán	Spain - Las Palmas	Spain	Y	N	https://observation.org/waarneming/view/185134432	25	110	1	O	0		-	-	onbekend	"""adult niet in coll"""			0
+	185134433	Mollusca indet.	Weekdier onbekend	0	26431	Mollusca indet.	molluscs	Native	04/02/2020	13:57	04/02/2020	34:04.4	ObsMapp	1	0	0	onbekend	onbekend	onbekend	ter plaatse	"-15,74110"	"27,88825"	"27,8882541656494"	"-15,7410974502563"	 onbekend	Spain - Gran Canaria - Mogán	Spain - Las Palmas	Spain	Y	N	https://observation.org/waarneming/view/185134433	25	110	1	O	0		-	-	onbekend	"""Napaeus venegueraensis, adult in coll"""			0
+	185134434	Mollusca indet.	Weekdier onbekend	0	26431	Mollusca indet.	molluscs	Native	04/02/2020	13:57	04/02/2020	34:04.4	ObsMapp	1	0	0	onbekend	onbekend	onbekend	ter plaatse	"-15,74110"	"27,88825"	"27,8882541656494"	"-15,7410974502563"	 onbekend	Spain - Gran Canaria - Mogán	Spain - Las Palmas	Spain	Y	N	https://observation.org/waarneming/view/185134434	25	110	1	O	0		-	-	onbekend	"""Napaeus josei, adult in coll"""			0
+	185134435	Otala lactea	Getande melkslak	0	210249	Helicidae (Tuinslakken e.a.)	molluscs	Native	04/02/2020	13:49	04/02/2020	34:04.4	ObsMapp	2	0	0	onbekend	exact aantal	onbekend	ter plaatse	"-15,74025"	"27,88835"	"27,8883457183838"	"-15,7402477264404"	 onbekend	Spain - Gran Canaria - Mogán	Spain - Las Palmas	Spain	Y	N	https://observation.org/waarneming/view/185134435	25	110	1	O	0		-	-	onbekend	"""adult niet in coll"""			0
+	185134436	Hemicycla spec.		0	689642	Helicidae (Tuinslakken e.a.)	molluscs	Native	04/02/2020	13:43	04/02/2020	34:04.5	ObsMapp	3	0	0	onbekend	onbekend	onbekend	ter plaatse	"-15,73944"	"27,88884"	"27,8888378143311"	"-15,7394351959229"	 onbekend	Spain - Gran Canaria - Mogán	Spain - Las Palmas	Spain	Y	N	https://observation.org/waarneming/view/185134436	25	110	1	O	0		-	-	onbekend	"""psathyra psathyra in coll adult"""			0
+	185134437	Hemicycla spec.		0	689642	Helicidae (Tuinslakken e.a.)	molluscs	Native	04/02/2020	13:43	04/02/2020	34:04.5	ObsMapp	3	0	0	onbekend	onbekend	onbekend	ter plaatse	"-15,73944"	"27,88883"	"27,8888339996338"	"-15,7394351959229"	 onbekend	Spain - Gran Canaria - Mogán	Spain - Las Palmas	Spain	Y	N	https://observation.org/waarneming/view/185134437	25	110	1	O	0		-	-	onbekend	"""aff. saponacea adult, in coll"""			0
+	185134438	Mollusca indet.	Weekdier onbekend	0	26431	Mollusca indet.	molluscs	Native	04/02/2020	13:30	04/02/2020	34:04.5	ObsMapp	5	0	0	onbekend	schatting	onbekend	ter plaatse	"-15,73940"	"27,88842"	"27,8884162902832"	"-15,7393951416016"	 onbekend	Spain - Gran Canaria - Mogán	Spain - Las Palmas	Spain	Y	N	https://observation.org/waarneming/view/185134438	25	110	1	O	0		-	-	onbekend	"""Napaeus josei"""			0
+	185134439	Monilearia spec.		0	685911	Helicidae (Tuinslakken e.a.)	molluscs	Native	04/02/2020	13:29	04/02/2020	34:04.5	ObsMapp	15	0	0	onbekend	schatting	onbekend	ter plaatse	"-15,73940"	"27,88842"	"27,8884162902832"	"-15,7393951416016"	 onbekend	Spain - Gran Canaria - Mogán	Spain - Las Palmas	Spain	Y	N	https://observation.org/waarneming/view/185134439	25	110	1	O	0		-	-	onbekend	"""persimilis niet in col"""			0
+	185134440	Hemicycla spec.		0	689642	Helicidae (Tuinslakken e.a.)	molluscs	Native	04/02/2020	13:29	04/02/2020	34:04.5	ObsMapp	1	0	0	onbekend	onbekend	onbekend	ter plaatse	"-15,73938"	"27,88840"	"27,8884029388428"	"-15,7393760681152"	 onbekend	Spain - Gran Canaria - Mogán	Spain - Las Palmas	Spain	Y	N	https://observation.org/waarneming/view/185134440	25	110	1	O	0		-	-	onbekend	"""aff. saponacea in coll"""			0
+	185134442	Hemicycla spec.		0	689642	Helicidae (Tuinslakken e.a.)	molluscs	Native	04/02/2020	13:29	04/02/2020	34:04.6	ObsMapp	10	0	0	onbekend	schatting	onbekend	ter plaatse	"-15,73938"	"27,88840"	"27,8884029388428"	"-15,7393770217896"	 onbekend	Spain - Gran Canaria - Mogán	Spain - Las Palmas	Spain	Y	N	https://observation.org/waarneming/view/185134442	25	110	1	O	0		-	-	onbekend	"""psathyra psathyra"""			0
+	185134443	Xerotricha orbignii		0	546017	Hygromiidae (Loofslakken e.a.)	molluscs	Native	04/02/2020	13:28	04/02/2020	34:04.6	ObsMapp	5	0	0	onbekend	onbekend	onbekend	ter plaatse	"-15,73939"	"27,88840"	"27,8884048461914"	"-15,7393856048584"	 onbekend	Spain - Gran Canaria - Mogán	Spain - Las Palmas	Spain	Y	N	https://observation.org/waarneming/view/185134443	25	110	1	O	0		-	-	onbekend	"""niet in coll"""			0
+	185134444	Caracollina lenticula		0	721479	Trissexodontidae	molluscs	Native	04/02/2020	13:28	04/02/2020	34:04.6	ObsMapp	5	0	0	onbekend	schatting	onbekend	ter plaatse	"-15,73942"	"27,88840"	"27,8884010314941"	"-15,7394170761108"	 onbekend	Spain - Gran Canaria - Mogán	Spain - Las Palmas	Spain	Y	N	https://observation.org/waarneming/view/185134444	25	110	1	O	0		-	-	onbekend	"""niet in coll"""			0
+	185134445	Otala lactea	Getande melkslak	0	210249	Helicidae (Tuinslakken e.a.)	molluscs	Native	04/02/2020	13:07	04/02/2020	34:04.6	ObsMapp	2	0	0	onbekend	exact aantal	onbekend	ter plaatse	"-15,73835"	"27,88851"	"27,8885135650635"	"-15,7383489608765"	 onbekend	Spain - Gran Canaria - Mogán	Spain - Las Palmas	Spain	Y	N	https://observation.org/waarneming/view/185134445	25	110	1	O	0		-	-	onbekend	"""adult niet coll"""			0
+	185134446	Caracollina lenticula		0	721479	Trissexodontidae	molluscs	Native	04/02/2020	12:31	04/02/2020	34:04.6	ObsMapp	1	0	0	onbekend	onbekend	onbekend	ter plaatse	"-15,73414"	"27,88923"	"27,8892250061035"	"-15,7341423034668"	 onbekend	Spain - Gran Canaria - Mogán	Spain - Las Palmas	Spain	Y	N	https://observation.org/waarneming/view/185134446	25	110	1	O	0		-	-	onbekend	"""adult niet in coll"""			0
+	185134447	Xerotricha orbignii		0	546017	Hygromiidae (Loofslakken e.a.)	molluscs	Native	04/02/2020	12:17	04/02/2020	34:04.6	ObsMapp	3	0	0	onbekend	onbekend	onbekend	ter plaatse	"-15,73386"	"27,88927"	"27,8892707824707"	"-15,7338638305664"	 onbekend	Spain - Gran Canaria - Mogán	Spain - Las Palmas	Spain	Y	N	https://observation.org/waarneming/view/185134447	25	110	1	O	0		-	-	onbekend	"""adult in coll"""			0
+	185134448	Hemicycla spec.		0	689642	Helicidae (Tuinslakken e.a.)	molluscs	Native	04/02/2020	12:17	04/02/2020	34:04.6	ObsMapp	5	0	0	onbekend	onbekend	onbekend	ter plaatse	"-15,73388"	"27,88928"	"27,8892822265625"	"-15,7338800430298"	 onbekend	Spain - Gran Canaria - Mogán	Spain - Las Palmas	Spain	Y	N	https://observation.org/waarneming/view/185134448	25	110	1	O	0		-	-	onbekend	"""aff. saponacea, adult in coll"""			0
+	185134449	Hemicycla spec.		0	689642	Helicidae (Tuinslakken e.a.)	molluscs	Native	04/02/2020	12:12	04/02/2020	34:04.7	ObsMapp	30	0	0	onbekend	schatting	onbekend	ter plaatse	"-15,73387"	"27,88928"	"27,8892841339111"	"-15,733865737915"	 onbekend	Spain - Gran Canaria - Mogán	Spain - Las Palmas	Spain	Y	N	https://observation.org/waarneming/view/185134449	25	110	1	O	0		-	-	onbekend	"""psathyra psathyra, adult niet in coll"""			0
+	185134450	Mollusca indet.	Weekdier onbekend	0	26431	Mollusca indet.	molluscs	Native	04/02/2020	12:12	04/02/2020	34:04.7	ObsMapp	6	0	0	onbekend	onbekend	onbekend	ter plaatse	"-15,73387"	"27,88928"	"27,8892841339111"	"-15,733865737915"	 onbekend	Spain - Gran Canaria - Mogán	Spain - Las Palmas	Spain	Y	N	https://observation.org/waarneming/view/185134450	25	110	1	O	0		-	-	onbekend	"""Napaeus josei, adult in coll"""			0
+	185134451	Monilearia spec.		0	685911	Helicidae (Tuinslakken e.a.)	molluscs	Native	04/02/2020	12:11	04/02/2020	34:04.7	ObsMapp	2	0	0	onbekend	exact aantal	onbekend	ter plaatse	"-15,73386"	"27,88929"	"27,8892936706543"	"-15,7338581085205"	 onbekend	Spain - Gran Canaria - Mogán	Spain - Las Palmas	Spain	Y	N	https://observation.org/waarneming/view/185134451	25	110	1	O	0		-	-	onbekend	"""persimilis adult niet in coll"""			0
+	185134452	Xerotricha orbignii		0	546017	Hygromiidae (Loofslakken e.a.)	molluscs	Native	04/02/2020	11:06	04/02/2020	34:04.7	ObsMapp	1	0	0	onbekend	onbekend	onbekend	ter plaatse	"-15,73116"	"27,88790"	"27,8878955841064"	"-15,7311639785767"	 onbekend	Spain - Gran Canaria - Mogán	Spain - Las Palmas	Spain	Y	N	https://observation.org/waarneming/view/185134452	25	110	1	O	0		-	-	onbekend	"""adult, in coll"""			0
+	185134453	Monilearia spec.		0	685911	Helicidae (Tuinslakken e.a.)	molluscs	Native	04/02/2020	10:54	04/02/2020	34:04.7	ObsMapp	10	0	0	onbekend	schatting	onbekend	ter plaatse	"-15,73106"	"27,88796"	"27,8879585266113"	"-15,7310619354248"	 onbekend	Spain - Gran Canaria - Mogán	Spain - Las Palmas	Spain	Y	N	https://observation.org/waarneming/view/185134453	25	110	1	O	0		-	-	onbekend	"""persimilis niet coll"""			0
+	185134454	Caracollina lenticula		0	721479	Trissexodontidae	molluscs	Native	04/02/2020	10:54	04/02/2020	34:04.7	ObsMapp	10	0	0	onbekend	schatting	onbekend	ter plaatse	"-15,73107"	"27,88796"	"27,8879566192627"	"-15,731071472168"	 onbekend	Spain - Gran Canaria - Mogán	Spain - Las Palmas	Spain	Y	N	https://observation.org/waarneming/view/185134454	25	110	1	O	0		-	-	onbekend	"""niet in coll"""			0
+	185134455	Mollusca indet.	Weekdier onbekend	0	26431	Mollusca indet.	molluscs	Native	04/02/2020	10:53	04/02/2020	34:04.7	ObsMapp	2	0	0	onbekend	onbekend	onbekend	ter plaatse	"-15,73108"	"27,88795"	"27,8879547119141"	"-15,7310762405396"	 onbekend	Spain - Gran Canaria - Mogán	Spain - Las Palmas	Spain	Y	N	https://observation.org/waarneming/view/185134455	25	110	1	O	0		-	-	onbekend	"""Napaeus josei, adult in coll"""			0
+	185134456	Hemicycla spec.		0	689642	Helicidae (Tuinslakken e.a.)	molluscs	Native	04/02/2020	10:53	04/02/2020	34:04.9	ObsMapp	1	0	0	onbekend	onbekend	onbekend	ter plaatse	"-15,73110"	"27,88807"	"27,888069152832"	"-15,731104850769"	 onbekend	Spain - Gran Canaria - Mogán	Spain - Las Palmas	Spain	Y	N	https://observation.org/waarneming/view/185134456	25	110	1	O	0		-	-	onbekend	"""aff. saponacea, adult in coll"""			0
+	185134457	Hemicycla spec.		0	689642	Helicidae (Tuinslakken e.a.)	molluscs	Native	04/02/2020	10:52	04/02/2020	34:04.9	ObsMapp	40	0	0	onbekend	schatting	onbekend	ter plaatse	"-15,73110"	"27,88807"	"27,888069152832"	"-15,731104850769"	 onbekend	Spain - Gran Canaria - Mogán	Spain - Las Palmas	Spain	Y	N	https://observation.org/waarneming/view/185134457	25	110	1	O	0		-	-	onbekend	"""psathyra psathyra, in coll"""			0
+	185134458	Hemicycla spec.		0	689642	Helicidae (Tuinslakken e.a.)	molluscs	Native	04/02/2020	10:41	04/02/2020	34:05.0	ObsMapp	2	0	0	onbekend	onbekend	onbekend	ter plaatse	"-15,73093"	"27,88809"	"27,8880939483643"	"-15,7309274673462"	 onbekend	Spain - Gran Canaria - Mogán	Spain - Las Palmas	Spain	Y	N	https://observation.org/waarneming/view/185134458	25	110	1	O	0		-	-	onbekend	"""aff. saponacea, adult in coll"""			0
+	185134459	Caracollina lenticula		0	721479	Trissexodontidae	molluscs	Native	04/02/2020	10:39	04/02/2020	34:05.0	ObsMapp	10	0	0	onbekend	schatting	onbekend	ter plaatse	"-15,73115"	"27,88813"	"27,8881301879883"	"-15,7311534881592"	 onbekend	Spain - Gran Canaria - Mogán	Spain - Las Palmas	Spain	Y	N	https://observation.org/waarneming/view/185134459	25	110	1	O	0		-	-	onbekend	"""adult niet in coll"""			0
+	185134460	Hemicycla spec.		0	689642	Helicidae (Tuinslakken e.a.)	molluscs	Native	04/02/2020	10:38	04/02/2020	34:05.0	ObsMapp	5	0	0	onbekend	schatting	onbekend	ter plaatse	"-15,73121"	"27,88813"	"27,888126373291"	"-15,7312068939209"	 onbekend	Spain - Gran Canaria - Mogán	Spain - Las Palmas	Spain	Y	N	https://observation.org/waarneming/view/185134460	25	110	1	O	0		-	-	onbekend	"""psathyra psathyra, adult niet in coll"""			0
+	185134461	Monilearia spec.		0	685911	Helicidae (Tuinslakken e.a.)	molluscs	Native	04/02/2020	10:38	04/02/2020	34:05.0	ObsMapp	10	0	0	onbekend	schatting	onbekend	ter plaatse	"-15,73122"	"27,88814"	"27,8881378173828"	"-15,73122215271"	 onbekend	Spain - Gran Canaria - Mogán	Spain - Las Palmas	Spain	Y	N	https://observation.org/waarneming/view/185134461	25	110	1	O	0		-	-	onbekend	"""persimilis, adult niet in coll"""			0
+	185134462	Hemicycla spec.		0	689642	Helicidae (Tuinslakken e.a.)	molluscs	Native	04/02/2020	10:17	04/02/2020	34:05.0	ObsMapp	1	0	0	onbekend	onbekend	onbekend	ter plaatse	"-15,73191"	"27,88858"	"27,8885765075684"	"-15,7319068908691"	 onbekend	Spain - Gran Canaria - Mogán	Spain - Las Palmas	Spain	Y	N	https://observation.org/waarneming/view/185134462	25	110	1	O	0		-	-	onbekend	"""psathyra psathyra, adult niet in coll"""			0
+	185134463	Hemicycla spec.		0	689642	Helicidae (Tuinslakken e.a.)	molluscs	Native	04/02/2020	10:13	04/02/2020	34:05.0	ObsMapp	5	0	0	onbekend	onbekend	onbekend	ter plaatse	"-15,73226"	"27,88874"	"27,888744354248"	"-15,7322607040405"	 onbekend	Spain - Gran Canaria - Mogán	Spain - Las Palmas	Spain	Y	N	https://observation.org/waarneming/view/185134463	25	110	1	O	0		-	-	onbekend	"""aff. saponacea 3 adult, 2 juv in coll"""			0
+	185134464	Monilearia spec.		0	685911	Helicidae (Tuinslakken e.a.)	molluscs	Native	04/02/2020	10:06	04/02/2020	34:05.0	ObsMapp	10	0	0	onbekend	schatting	onbekend	ter plaatse	"-15,73271"	"27,88935"	"27,8893508911133"	"-15,7327127456665"	 onbekend	Spain - Gran Canaria - Mogán	Spain - Las Palmas	Spain	Y	N	https://observation.org/waarneming/view/185134464	25	110	1	O	0		-	-	onbekend	"""persimilis, adult niet in coll"""			0
+	185134465	Caracollina lenticula		0	721479	Trissexodontidae	molluscs	Native	04/02/2020	10:06	04/02/2020	34:05.1	ObsMapp	10	0	0	vrouw	schatting	onbekend	ter plaatse	"-15,73281"	"27,88933"	"27,8893299102783"	"-15,7328081130981"	 onbekend	Spain - Gran Canaria - Mogán	Spain - Las Palmas	Spain	Y	N	https://observation.org/waarneming/view/185134465	25	110	1	O	0		-	-	onbekend	"""adult, niet coll"""			0
+	185134466	Hemicycla spec.		0	689642	Helicidae (Tuinslakken e.a.)	molluscs	Native	04/02/2020	09:59	04/02/2020	34:05.1	ObsMapp	1	0	0	onbekend	onbekend	onbekend	ter plaatse	"-15,73307"	"27,88949"	"27,8894863128662"	"-15,7330684661865"	 onbekend	Spain - Gran Canaria - Mogán	Spain - Las Palmas	Spain	Y	N	https://observation.org/waarneming/view/185134466	25	110	1	O	0		-	-	onbekend	"""aff. saponacea, adult in coll"""			0
+	185134467	Hemicycla spec.		0	689642	Helicidae (Tuinslakken e.a.)	molluscs	Native	04/02/2020	09:25	04/02/2020	34:05.1	ObsMapp	1	0	0	onbekend	onbekend	onbekend	ter plaatse	"-15,73145"	"27,88920"	"27,8891983032227"	"-15,7314529418945"	 onbekend	Spain - Gran Canaria - Mogán	Spain - Las Palmas	Spain	Y	N	https://observation.org/waarneming/view/185134467	25	110	1	O	0		-	-	onbekend	"""aff. saponacea adult, in coll"""			0
+	185134468	Mollusca indet.	Weekdier onbekend	0	26431	Mollusca indet.	molluscs	Native	04/02/2020	08:45	04/02/2020	34:05.1	ObsMapp	15	0	0	onbekend	schatting	onbekend	ter plaatse	"-15,73015"	"27,88930"	"27,8892974853516"	"-15,7301454544067"	 onbekend	Spain - Gran Canaria - Mogán	Spain - Las Palmas	Spain	Y	N	https://observation.org/waarneming/view/185134468	25	110	1	O	0		-	-	onbekend	"""Napaeus josei in coll"""			0
+	185134469	Caracollina lenticula		0	721479	Trissexodontidae	molluscs	Native	04/02/2020	08:45	04/02/2020	34:05.1	ObsMapp	10	0	0	onbekend	schatting	onbekend	ter plaatse	"-15,73015"	"27,88930"	"27,8892993927002"	"-15,7301454544067"	 onbekend	Spain - Gran Canaria - Mogán	Spain - Las Palmas	Spain	Y	N	https://observation.org/waarneming/view/185134469	25	110	1	O	0		-	-	onbekend	"""niet coll, adult"""			0
+	185134470	Xerotricha orbignii		0	546017	Hygromiidae (Loofslakken e.a.)	molluscs	Native	04/02/2020	08:37	04/02/2020	34:05.2	ObsMapp	30	0	0	onbekend	onbekend	onbekend	ter plaatse	"-15,73009"	"27,88925"	"27,8892498016357"	"-15,730094909668"	 onbekend	Spain - Gran Canaria - Mogán	Spain - Las Palmas	Spain	Y	N	https://observation.org/waarneming/view/185134470	25	110	1	O	0		-	-	onbekend	"""in coll"""			0
+	185134471	Monilearia spec.		0	685911	Helicidae (Tuinslakken e.a.)	molluscs	Native	04/02/2020	08:36	04/02/2020	34:05.2	ObsMapp	20	0	0	onbekend	schatting	onbekend	ter plaatse	"-15,73009"	"27,88925"	"27,8892498016357"	"-15,730094909668"	 onbekend	Spain - Gran Canaria - Mogán	Spain - Las Palmas	Spain	Y	N	https://observation.org/waarneming/view/185134471	25	110	1	O	0		-	-	onbekend	"""persimilis in coll"""			0
+	185134472	Hemicycla spec.		0	689642	Helicidae (Tuinslakken e.a.)	molluscs	Native	04/02/2020	08:36	04/02/2020	34:05.2	ObsMapp	50	0	0	onbekend	schatting	onbekend	ter plaatse	"-15,73009"	"27,88925"	"27,8892517089844"	"-15,7300939559937"	 onbekend	Spain - Gran Canaria - Mogán	Spain - Las Palmas	Spain	Y	N	https://observation.org/waarneming/view/185134472	25	110	1	O	0		-	-	onbekend	"""psathyra psathyra in coll"""			0
+	185169399	Monilearia spec.		0	685911	Helicidae (Tuinslakken e.a.)	molluscs	Native	05/02/2020	17:21	05/02/2020	34:02.1	ObsMapp	1	0	0	onbekend	onbekend	onbekend	ter plaatse	"-15,58541"	"27,73919"	"27,7391929626465"	"-15,585412979126"	 onbekend	Spain - Gran Canaria - Las Dunas de Maspalomas	Spain - Las Palmas	Spain	Y	N	https://observation.org/waarneming/view/185169399	25	110	1	O	0		-	-	onbekend	"""subfossiel in coll"""			0
+	185169400	Mollusca indet.	Weekdier onbekend	0	26431	Mollusca indet.	molluscs	Native	05/02/2020	17:20	05/02/2020	34:02.1	ObsMapp	1	0	0	onbekend	onbekend	onbekend	ter plaatse	"-15,58541"	"27,73919"	"27,7391929626465"	"-15,585412979126"	 onbekend	Spain - Gran Canaria - Las Dunas de Maspalomas	Spain - Las Palmas	Spain	Y	N	https://observation.org/waarneming/view/185169400	25	110	1	O	0		-	-	onbekend	"""Obelus despreauxi subfossiel in coll"""			0
+	185169401	Caracollina lenticula		0	721479	Trissexodontidae	molluscs	Native	05/02/2020	17:15	05/02/2020	34:02.1	ObsMapp	1	0	0	onbekend	onbekend	onbekend	ter plaatse	"-15,58536"	"27,73928"	"27,7392768859863"	"-15,5853586196899"	 onbekend	Spain - Gran Canaria - Las Dunas de Maspalomas	Spain - Las Palmas	Spain	Y	N	https://observation.org/waarneming/view/185169401	25	110	1	O	0		-	-	onbekend	"""adult subfossiel niet in coll"""			0
+	185169402	Caracollina lenticula		0	721479	Trissexodontidae	molluscs	Native	05/02/2020	16:55	05/02/2020	34:02.1	ObsMapp	1	0	0	onbekend	onbekend	onbekend	ter plaatse	"-15,57738"	"27,74406"	"27,7440586090088"	"-15,5773754119873"	 onbekend	Spain - Gran Canaria - Las Dunas de Maspalomas	Spain - Las Palmas	Spain	Y	N	https://observation.org/waarneming/view/185169402	25	110	1	O	0		-	-	onbekend	"""niet in coll subfossiel"""			0
+	185169403	Monilearia spec.		0	685911	Helicidae (Tuinslakken e.a.)	molluscs	Native	05/02/2020	16:39	05/02/2020	34:02.1	ObsMapp	30	0	0	onbekend	schatting	onbekend	ter plaatse	"-15,57740"	"27,74413"	"27,7441272735596"	"-15,5773954391479"	 onbekend	Spain - Gran Canaria - Las Dunas de Maspalomas	Spain - Las Palmas	Spain	Y	N	https://observation.org/waarneming/view/185169403	25	110	1	O	0		-	-	onbekend	"""in coll subfossiel"""			0
+	185169404	Mollusca indet.	Weekdier onbekend	0	26431	Mollusca indet.	molluscs	Native	05/02/2020	16:39	05/02/2020	34:02.2	ObsMapp	40	0	0	onbekend	schatting	onbekend	ter plaatse	"-15,57739"	"27,74413"	"27,7441272735596"	"-15,5773916244507"	 onbekend	Spain - Gran Canaria - Las Dunas de Maspalomas	Spain - Las Palmas	Spain	Y	N	https://observation.org/waarneming/view/185169404	25	110	1	O	0		-	-	onbekend	"""Obelus despreauxi in coll subfossiel"""			0
+	185169405	Mollusca indet.	Weekdier onbekend	0	26431	Mollusca indet.	molluscs	Native	05/02/2020	16:35	05/02/2020	34:02.2	ObsMapp	1	0	0	onbekend	onbekend	onbekend	ter plaatse	"-15,57733"	"27,74411"	"27,7441120147705"	"-15,5773315429688"	 onbekend	Spain - Gran Canaria - Las Dunas de Maspalomas	Spain - Las Palmas	Spain	Y	N	https://observation.org/waarneming/view/185169405	25	110	1	O	0		-	-	onbekend	"""Obelus pumilio adult in coll subfossiel"""			0
+	185169406	Cochlicella barbara	Bolle duinhoren	0	19884	Cochlicellidae (Duinhorens)	molluscs	Native	05/02/2020	16:19	05/02/2020	34:02.2	ObsMapp	1	0	0	onbekend	onbekend	onbekend	ter plaatse	"-15,57547"	"27,74498"	"27,7449798583984"	"-15,5754661560059"	 onbekend	Spain - Gran Canaria - Las Dunas de Maspalomas	Spain - Las Palmas	Spain	Y	N	https://observation.org/waarneming/view/185169406	25	110	1	O	0		-	-	onbekend	"""juv in coll"""			0
+	185169407	Theba geminata		0	534770	Helicidae (Tuinslakken e.a.)	molluscs	Native	05/02/2020	16:07	05/02/2020	00:33.5	ObsMapp	1	0	0	onbekend	onbekend	onbekend	ter plaatse	"-15,57512"	"27,74546"	"27,7454643249512"	"-15,5751152038574"	 onbekend	Spain - Gran Canaria - Las Dunas de Maspalomas	Spain - Las Palmas	Spain	N	N	https://observation.org/waarneming/view/185169407	25	110	1	O	0		-	-	onbekend	"""in coll"""			0
+	185169408	Caracollina lenticula		0	721479	Trissexodontidae	molluscs	Native	05/02/2020	16:00	05/02/2020	34:02.2	ObsMapp	5	0	0	onbekend	exact aantal	onbekend	ter plaatse	"-15,57511"	"27,74549"	"27,7454891204834"	"-15,5751085281372"	 onbekend	Spain - Gran Canaria - Las Dunas de Maspalomas	Spain - Las Palmas	Spain	Y	N	https://observation.org/waarneming/view/185169408	25	110	1	O	0		-	-	onbekend	"""adult niet in coll subfossiel"""			0
+	185169409	Monilearia spec.		0	685911	Helicidae (Tuinslakken e.a.)	molluscs	Native	05/02/2020	15:54	05/02/2020	34:02.2	ObsMapp	10	0	0	onbekend	onbekend	onbekend	ter plaatse	"-15,57511"	"27,74524"	"27,7452354431152"	"-15,5751085281372"	 onbekend	Spain - Gran Canaria - Las Dunas de Maspalomas	Spain - Las Palmas	Spain	Y	N	https://observation.org/waarneming/view/185169409	25	110	1	O	0		-	-	onbekend	"""in coll subfossiel"""			0
+	185169410	Mollusca indet.	Weekdier onbekend	0	26431	Mollusca indet.	molluscs	Native	05/02/2020	15:48	05/02/2020	34:02.3	ObsMapp	15	0	0	onbekend	onbekend	onbekend	ter plaatse	"-15,57508"	"27,74513"	"27,7451286315918"	"-15,5750846862793"	 onbekend	Spain - Gran Canaria - Las Dunas de Maspalomas	Spain - Las Palmas	Spain	Y	N	https://observation.org/waarneming/view/185169410	25	110	1	O	0		-	-	onbekend	"""Obelus despreauxi adult in coll subfossiel"""			0
+	185169411	Caracollina lenticula		0	721479	Trissexodontidae	molluscs	Native	05/02/2020	13:08	05/02/2020	34:02.3	ObsMapp	1	0	0	onbekend	onbekend	onbekend	ter plaatse	"-15,54351"	"27,79330"	"27,7933044433594"	"-15,5435104370117"	 onbekend	Spain - Gran Canaria - San Bartolomé de Tirajana	Spain - Las Palmas	Spain	Y	N	https://observation.org/waarneming/view/185169411	25	110	1	O	0		-	-	onbekend	"""adult niet in coll"""			0
+	185169412	Hemicycla spec.		0	689642	Helicidae (Tuinslakken e.a.)	molluscs	Native	05/02/2020	12:59	05/02/2020	34:02.3	ObsMapp	15	0	0	onbekend	schatting	onbekend	ter plaatse	"-15,54348"	"27,79334"	"27,7933444976807"	"-15,5434770584106"	 onbekend	Spain - Gran Canaria - San Bartolomé de Tirajana	Spain - Las Palmas	Spain	Y	N	https://observation.org/waarneming/view/185169412	25	110	1	O	0		-	-	onbekend	"""psathyra temperata? adult in coll"""			0
+	185169413	Monilearia spec.		0	685911	Helicidae (Tuinslakken e.a.)	molluscs	Native	05/02/2020	12:33	05/02/2020	34:02.3	ObsMapp	1	0	0	onbekend	onbekend	onbekend	ter plaatse	"-15,54265"	"27,79296"	"27,7929553985596"	"-15,5426483154297"	 onbekend	Spain - Gran Canaria - San Bartolomé de Tirajana	Spain - Las Palmas	Spain	Y	N	https://observation.org/waarneming/view/185169413	25	110	1	O	0		-	-	onbekend	"""persimilis niet in coll"""			0
+	185169414	Hemicycla spec.		0	689642	Helicidae (Tuinslakken e.a.)	molluscs	Native	05/02/2020	12:29	05/02/2020	34:02.5	ObsMapp	1	0	0	onbekend	onbekend	onbekend	levend dier	"-15,54255"	"27,79295"	"27,7929534912109"	"-15,5425491333008"	 onbekend	Spain - Gran Canaria - San Bartolomé de Tirajana	Spain - Las Palmas	Spain	Y	N	https://observation.org/waarneming/view/185169414	25	110	1	O	1		-	-	onbekend	"""berkeleii adult levend niet in coll"""			0
+	185169415	Hemicycla spec.		0	689642	Helicidae (Tuinslakken e.a.)	molluscs	Native	05/02/2020	12:15	05/02/2020	34:02.6	ObsMapp	3	0	0	onbekend	onbekend	onbekend	ter plaatse	"-15,54155"	"27,79305"	"27,7930450439453"	"-15,5415506362915"	 onbekend	Spain - Gran Canaria - San Bartolomé de Tirajana	Spain - Las Palmas	Spain	Y	N	https://observation.org/waarneming/view/185169415	25	110	1	O	0		-	-	onbekend	"""berkeleii adult in coll"""			0
+	185169416	Ancylus spec.		0	688757	Ancylidae	molluscs	Native	05/02/2020	12:14	05/02/2020	28:35.8	ObsMapp	60	0	0	onbekend	schatting	onbekend	ter plaatse	"-15,54147"	"27,79302"	"27,79301834"	"-15,54146767"	 onbekend	Spain - Gran Canaria - San Bartolomé de Tirajana	Spain - Las Palmas	Spain	Y	N	https://observation.org/waarneming/view/185169416	25	110	1	O	0		-	Niet van toepassing	onbekend	"""Ancylus striatus Quoy & Gaimard, 1834 bodemstaal in coll"""			0
+	185169417	Caracollina lenticula		0	721479	Trissexodontidae	molluscs	Native	05/02/2020	12:02	05/02/2020	34:02.6	ObsMapp	1	0	0	onbekend	onbekend	onbekend	ter plaatse	"-15,54061"	"27,79187"	"27,7918682098389"	"-15,5406084060669"	 onbekend	Spain - Gran Canaria - San Bartolomé de Tirajana	Spain - Las Palmas	Spain	Y	N	https://observation.org/waarneming/view/185169417	25	110	1	O	0		-	-	onbekend	"""adult niet in coll"""			0
+	185169418	Physella acuta	Puntige blaashoren	0	19151	Physidae (Blaashorens e.a.)	molluscs	Native	05/02/2020	11:53	05/02/2020	29:13.6	ObsMapp	20	0	0	onbekend	schatting	onbekend	ter plaatse	"-15,54066"	"27,79182"	"27,79182243"	"-15,5406599"	 onbekend	Spain - Gran Canaria - San Bartolomé de Tirajana	Spain - Las Palmas	Spain	Y	N	https://observation.org/waarneming/view/185169418	25	110	1	O	0		-	Niet van toepassing	onbekend	"""in coll"""			0
+	185169419	Ancylus spec.		0	688757	Ancylidae	molluscs	Native	05/02/2020	11:52	05/02/2020	29:49.4	ObsMapp	30	0	0	onbekend	schatting	onbekend	levend dier	"-15,54066"	"27,79183"	"27,79182625"	"-15,54065704"	 onbekend	Spain - Gran Canaria - San Bartolomé de Tirajana	Spain - Las Palmas	Spain	Y	N	https://observation.org/waarneming/view/185169419	25	110	1	O	0		-	Niet van toepassing	onbekend	"""Ancylus striatus Quoy & Gaimard, 1834 levend niet in coll"""			0
+	185169420	Ancylus spec.		0	688757	Ancylidae	molluscs	Native	05/02/2020	11:45	05/02/2020	30:22.6	ObsMapp	30	0	0	onbekend	onbekend	onbekend	ter plaatse	"-15,54070"	"27,79174"	"27,7917366"	"-15,54069805"	 onbekend	Spain - Gran Canaria - San Bartolomé de Tirajana	Spain - Las Palmas	Spain	Y	N	https://observation.org/waarneming/view/185169420	25	110	1	O	0		-	Niet van toepassing	onbekend	"""Ancylus striatus Quoy & Gaimard, 1834 adult in coll"""			0
+	185169421	Hemicycla spec.		0	689642	Helicidae (Tuinslakken e.a.)	molluscs	Native	05/02/2020	11:30	05/02/2020	34:02.7	ObsMapp	1	0	0	onbekend	onbekend	onbekend	ter plaatse	"-15,53767"	"27,79024"	"27,7902374267578"	"-15,537672996521"	 onbekend	Spain - Gran Canaria - San Bartolomé de Tirajana	Spain - Las Palmas	Spain	Y	N	https://observation.org/waarneming/view/185169421	25	110	1	O	0		-	-	onbekend	"""berkeleii adult in coll"""			0
+	185169422	Monilearia spec.		0	685911	Helicidae (Tuinslakken e.a.)	molluscs	Native	05/02/2020	11:22	05/02/2020	34:02.7	ObsMapp	1	0	0	onbekend	onbekend	onbekend	ter plaatse	"-15,53681"	"27,79004"	"27,7900447845459"	"-15,5368137359619"	 onbekend	Spain - Gran Canaria - San Bartolomé de Tirajana	Spain - Las Palmas	Spain	Y	N	https://observation.org/waarneming/view/185169422	25	110	1	O	0		-	-	onbekend	"""persimilis niet in coll"""			0
+	185169423	Monilearia spec.		0	685911	Helicidae (Tuinslakken e.a.)	molluscs	Native	05/02/2020	11:10	05/02/2020	34:02.7	ObsMapp	10	0	0	onbekend	schatting	onbekend	ter plaatse	"-15,53665"	"27,78613"	"27,7861328125"	"-15,5366487503052"	 onbekend	Spain - Gran Canaria - San Bartolomé de Tirajana	Spain - Las Palmas	Spain	Y	N	https://observation.org/waarneming/view/185169423	25	110	1	O	0		-	-	onbekend	"""persimilis niet in coll"""			0
+	185169424	Hemicycla spec.		0	689642	Helicidae (Tuinslakken e.a.)	molluscs	Native	05/02/2020	11:10	05/02/2020	34:02.7	ObsMapp	1	0	0	onbekend	onbekend	onbekend	ter plaatse	"-15,53665"	"27,78616"	"27,7861576080322"	"-15,5366516113281"	 onbekend	Spain - Gran Canaria - San Bartolomé de Tirajana	Spain - Las Palmas	Spain	Y	N	https://observation.org/waarneming/view/185169424	25	110	1	O	0		-	-	onbekend	"""berkeleii adult niet in coll"""			0
+	185169425	Caracollina lenticula		0	721479	Trissexodontidae	molluscs	Native	05/02/2020	10:48	05/02/2020	34:02.7	ObsMapp	1	0	0	onbekend	onbekend	onbekend	ter plaatse	"-15,53671"	"27,78429"	"27,7842884063721"	"-15,5367107391357"	 onbekend	Spain - Gran Canaria - San Bartolomé de Tirajana	Spain - Las Palmas	Spain	Y	N	https://observation.org/waarneming/view/185169425	25	110	1	O	0		-	-	onbekend	"""niet in coll"""			0
+	185169426	Hemicycla spec.		0	689642	Helicidae (Tuinslakken e.a.)	molluscs	Native	05/02/2020	10:42	05/02/2020	34:02.8	ObsMapp	3	0	0	onbekend	onbekend	onbekend	ter plaatse	"-15,53686"	"27,78386"	"27,783863067627"	"-15,5368585586548"	 onbekend	Spain - Gran Canaria - San Bartolomé de Tirajana	Spain - Las Palmas	Spain	Y	N	https://observation.org/waarneming/view/185169426	25	110	1	O	0		-	-	onbekend	"""berkeleii in coll"""			0
+	185169427	Monilearia spec.		0	685911	Helicidae (Tuinslakken e.a.)	molluscs	Native	05/02/2020	10:38	05/02/2020	34:02.8	ObsMapp	10	0	0	onbekend	schatting	onbekend	ter plaatse	"-15,53607"	"27,78343"	"27,7834281921387"	"-15,5360708236694"	 onbekend	Spain - Gran Canaria - San Bartolomé de Tirajana	Spain - Las Palmas	Spain	Y	N	https://observation.org/waarneming/view/185169427	25	110	1	O	0		-	-	onbekend	"""persimilis niet in coll"""			0
+	185169428	Hemicycla spec.		0	689642	Helicidae (Tuinslakken e.a.)	molluscs	Native	05/02/2020	10:06	05/02/2020	34:02.8	ObsMapp	10	0	0	onbekend	onbekend	onbekend	ter plaatse	"-15,53146"	"27,77902"	"27,7790222167969"	"-15,5314569473267"	 onbekend	Spain - Gran Canaria - San Bartolomé de Tirajana	Spain - Las Palmas	Spain	Y	N	https://observation.org/waarneming/view/185169428	25	110	1	O	0		-	-	onbekend	"""berkeleii in coll"""			0
+	185169429	Monilearia spec.		0	685911	Helicidae (Tuinslakken e.a.)	molluscs	Native	05/02/2020	10:05	05/02/2020	34:02.8	ObsMapp	25	0	0	onbekend	schatting	onbekend	ter plaatse	"-15,53144"	"27,77904"	"27,7790412902832"	"-15,5314407348633"	 onbekend	Spain - Gran Canaria - San Bartolomé de Tirajana	Spain - Las Palmas	Spain	Y	N	https://observation.org/waarneming/view/185169429	25	110	1	O	0		-	-	onbekend	"""persimilis adult in coll"""			0
+	185169430	Caracollina lenticula		0	721479	Trissexodontidae	molluscs	Native	05/02/2020	09:59	05/02/2020	34:02.8	ObsMapp	2	0	0	onbekend	onbekend	onbekend	ter plaatse	"-15,53096"	"27,77936"	"27,7793560028076"	"-15,5309648513794"	 onbekend	Spain - Gran Canaria - San Bartolomé de Tirajana	Spain - Las Palmas	Spain	Y	N	https://observation.org/waarneming/view/185169430	25	110	1	O	0		-	-	onbekend	"""niet in coll"""			0
+	185231895	Caracollina lenticula		0	721479	Trissexodontidae	molluscs	Native	07/02/2020	12:39	07/02/2020	40:28.3	ObsMapp	1	0	0	onbekend	exact aantal	onbekend	ter plaatse	"-15,74839"	"27,97849"	"27,97849274"	"-15,74839211"	 onbekend	Spain - Gran Canaria - Tejeda	Spain - Las Palmas	Spain	Y	N	https://observation.org/waarneming/view/185231895	25	110	1	O	0		-	Niet van toepassing	onbekend	"""adult niet in coll"""			0
+	185231896	Pomatias spec.		0	695122	Pomatiidae (Rondmondhorens)	molluscs	Native	07/02/2020	12:38	07/02/2020	40:02.1	ObsMapp	1	0	0	onbekend	exact aantal	onbekend	ter plaatse	"-15,74842"	"27,97850"	"27,97850037"	"-15,74841785"	 onbekend	Spain - Gran Canaria - Tejeda	Spain - Las Palmas	Spain	Y	N	https://observation.org/waarneming/view/185231896	25	110	1	O	0		-	Niet van toepassing	onbekend	"""laevigatus niet in coll"""			0
+	185231897	Mollusca indet.	Weekdier onbekend	0	26431	Mollusca indet.	molluscs	Native	07/02/2020	12:34	07/02/2020	39:31.7	ObsMapp	1	0	0	onbekend	exact aantal	onbekend	ter plaatse	"-15,74838"	"27,97841"	"27,97840881"	"-15,74837589"	 onbekend	Spain - Gran Canaria - Tejeda	Spain - Las Palmas	Spain	Y	N	https://observation.org/waarneming/view/185231897	25	110	1	O	0		-	Niet van toepassing	onbekend	"""Napaeus validoi in coll"""			0
+	185231898	Monilearia spec.		0	685911	Helicidae (Tuinslakken e.a.)	molluscs	Native	07/02/2020	12:30	07/02/2020	39:09.4	ObsMapp	2	0	0	onbekend	exact aantal	onbekend	ter plaatse	"-15,74851"	"27,97817"	"27,97816658"	"-15,74850941"	 onbekend	Spain - Gran Canaria - Tejeda	Spain - Las Palmas	Spain	Y	N	https://observation.org/waarneming/view/185231898	25	110	1	O	0		-	Niet van toepassing	onbekend	"""persimilis 1 juv, 1 adult niet in coll"""			0
+	185231900	Monilearia spec.		0	685911	Helicidae (Tuinslakken e.a.)	molluscs	Native	07/02/2020	11:44	07/02/2020	38:49.2	ObsMapp	2	0	0	onbekend	exact aantal	onbekend	ter plaatse	"-15,74764"	"27,98180"	"27,98180199"	"-15,74763775"	 onbekend	Spain - Gran Canaria - Tejeda	Spain - Las Palmas	Spain	Y	N	https://observation.org/waarneming/view/185231900	25	110	1	O	0		-	Niet van toepassing	onbekend	"""persimilis niet in coll"""			0
+	185231901	Physella acuta	Puntige blaashoren	0	19151	Physidae (Blaashorens e.a.)	molluscs	Native	07/02/2020	11:28	07/02/2020	34:01.9	ObsMapp	10	0	0	onbekend	schatting	onbekend	levend dier	"-15,74796"	"27,98225"	"27,9822483062744"	"-15,7479591369629"	 onbekend	Spain - Gran Canaria - Tejeda	Spain - Las Palmas	Spain	Y	N	https://observation.org/waarneming/view/185231901	25	110	1	O	0		-	-	onbekend	"""levend niet in coll"""			0
+	185231902	Ancylus spec.		0	688757	Ancylidae	molluscs	Native	07/02/2020	11:28	07/02/2020	34:01.9	ObsMapp	40	0	0	onbekend	schatting	onbekend	levend dier	"-15,74793"	"27,98224"	"27,9822444915771"	"-15,7479305267334"	 onbekend	Spain - Gran Canaria - Tejeda	Spain - Las Palmas	Spain	Y	N	https://observation.org/waarneming/view/185231902	25	110	1	O	0		-	-	onbekend	"""striatus levend niet in coll"""			0
+	185231904	Ancylus spec.		0	688757	Ancylidae	molluscs	Native	07/02/2020	11:15	07/02/2020	36:53.6	ObsMapp	20	0	0	onbekend	schatting	onbekend	ter plaatse	"-15,74792"	"27,98220"	"27,98220062"	"-15,74792004"	 onbekend	Spain - Gran Canaria - Tejeda	Spain - Las Palmas	Spain	Y	N	https://observation.org/waarneming/view/185231904	25	110	1	O	0		-	Niet van toepassing	onbekend	"""Ancylus striatus in coll"""			0
+	185231905	Pseudosuccinea columella		0	822475	Lymnaeidae (Poelslakken e.a.)	molluscs	Native	07/02/2020	11:15	07/02/2020	37:11.3	ObsMapp	40	0	0	onbekend	schatting	onbekend	ter plaatse	"-15,74792"	"27,98220"	"27,98219872"	"-15,74791813"	 onbekend	Spain - Gran Canaria - Tejeda	Spain - Las Palmas	Spain	Y	N	https://observation.org/waarneming/view/185231905	25	110	1	O	0		-	Niet van toepassing	onbekend	"""in coll"""			0
+	185231906	Physella acuta	Puntige blaashoren	0	19151	Physidae (Blaashorens e.a.)	molluscs	Native	07/02/2020	11:15	07/02/2020	37:36.0	ObsMapp	10	0	0	onbekend	schatting	onbekend	ter plaatse	"-15,74792"	"27,98220"	"27,98219872"	"-15,74791813"	 onbekend	Spain - Gran Canaria - Tejeda	Spain - Las Palmas	Spain	Y	N	https://observation.org/waarneming/view/185231906	25	110	1	O	0		-	Niet van toepassing	onbekend	"""in coll"""			0
+	185231907	Radix spec.	Oorvormige- /Ovale- /Begroeide poelslak	0	234957	Lymnaeidae (Poelslakken e.a.)	molluscs	Native	07/02/2020	11:15	07/02/2020	38:04.6	ObsMapp	20	0	0	onbekend	schatting	onbekend	ter plaatse	"-15,74793"	"27,98221"	"27,98221397"	"-15,74792862"	 onbekend	Spain - Gran Canaria - Tejeda	Spain - Las Palmas	Spain	Y	N	https://observation.org/waarneming/view/185231907	25	110	1	O	0		-	Niet van toepassing	onbekend	"""in coll"""			0
+	185231908	Gyraulus parvus	Amerikaanse schijfhoren	0	822542	Planorbidae (Schijfhorens e.a.)	molluscs	Native	07/02/2020	11:00	07/02/2020	36:07.2	ObsMapp	2	0	0	onbekend	exact aantal	onbekend	ter plaatse	"-15,74813"	"27,98284"	"27,98283577"	"-15,74813175"	 onbekend	Spain - Gran Canaria - Tejeda	Spain - Las Palmas	Spain	Y	N	https://observation.org/waarneming/view/185231908	25	110	1	O	0		-	Niet van toepassing	onbekend	"""in coll"""			0
+	185231909	Radix spec.	Oorvormige- /Ovale- /Begroeide poelslak	0	234957	Lymnaeidae (Poelslakken e.a.)	molluscs	Native	07/02/2020	10:51	07/02/2020	36:23.3	ObsMapp	1	0	0	onbekend	exact aantal	onbekend	ter plaatse	"-15,74812"	"27,98280"	"27,98279762"	"-15,74812222"	 onbekend	Spain - Gran Canaria - Tejeda	Spain - Las Palmas	Spain	Y	N	https://observation.org/waarneming/view/185231909	25	110	1	O	0		-	Niet van toepassing	onbekend	"""in coll"""			0
+	185231910	Physella acuta	Puntige blaashoren	0	19151	Physidae (Blaashorens e.a.)	molluscs	Native	07/02/2020	10:50	07/02/2020	34:15.3	ObsMapp	20	0	0	onbekend	schatting	onbekend	ter plaatse	"-15,74812"	"27,98281"	"27,98280716"	"-15,74811554"	 onbekend	Spain - Gran Canaria - Tejeda	Spain - Las Palmas	Spain	Y	N	https://observation.org/waarneming/view/185231910	25	110	1	O	0		-	Niet van toepassing	onbekend	"""in coll"""			0
+	185231911	Physella acuta	Puntige blaashoren	0	19151	Physidae (Blaashorens e.a.)	molluscs	Native	07/02/2020	10:50	07/02/2020	34:02.1	ObsMapp	1	0	0	onbekend	onbekend	onbekend	levend dier	"-15,74812"	"27,98281"	"27,9828071594238"	"-15,7481155395508"	 onbekend	Spain - Gran Canaria - Tejeda	Spain - Las Palmas	Spain	Y	N	https://observation.org/waarneming/view/185231911	25	110	1	O	0		-	-	onbekend	"""niet in coll"""			0
+	185231912	Pseudosuccinea columella		0	822475	Lymnaeidae (Poelslakken e.a.)	molluscs	Native	07/02/2020	10:50	07/02/2020	34:56.6	ObsMapp	30	0	0	onbekend	schatting	onbekend	ter plaatse	"-15,74810"	"27,98281"	"27,98280907"	"-15,74809933"	 onbekend	Spain - Gran Canaria - Tejeda	Spain - Las Palmas	Spain	Y	N	https://observation.org/waarneming/view/185231912	25	110	1	O	0		-	Niet van toepassing	onbekend	"""in coll"""			0
+	185231913	Ancylus spec.		0	688757	Ancylidae	molluscs	Native	07/02/2020	10:49	07/02/2020	33:26.0	ObsMapp	7	0	0	onbekend	exact aantal	onbekend	ter plaatse	"-15,74809"	"27,98279"	"27,98278999"	"-15,74809265"	 onbekend	Spain - Gran Canaria - Tejeda	Spain - Las Palmas	Spain	Y	N	https://observation.org/waarneming/view/185231913	25	110	1	O	0		-	Niet van toepassing	onbekend	"""Ancylus striatus in coll"""			0
+	185231914	Mollusca indet.	Weekdier onbekend	0	26431	Mollusca indet.	molluscs	Native	07/02/2020	10:27	07/02/2020	28:18.8	ObsMapp	1	0	0	onbekend	exact aantal	onbekend	ter plaatse	"-15,74889"	"27,98284"	"27,98283958"	"-15,74889183"	 onbekend	Spain - Gran Canaria - Tejeda	Spain - Las Palmas	Spain	Y	N	https://observation.org/waarneming/view/185231914	25	110	1	O	0		-	Niet van toepassing	onbekend	"""Napaeus interpunctatus, adult in coll"""			0
+	185231915	Hemicycla spec.		0	689642	Helicidae (Tuinslakken e.a.)	molluscs	Native	07/02/2020	10:27	07/02/2020	30:05.0	ObsMapp	10	0	0	onbekend	schatting	onbekend	ter plaatse	"-15,74889"	"27,98284"	"27,98283958"	"-15,74889183"	 onbekend	Spain - Gran Canaria - Tejeda	Spain - Las Palmas	Spain	Y	N	https://observation.org/waarneming/view/185231915	25	110	1	O	0		-	Niet van toepassing	onbekend	"""psathyra temperata in coll"""			0
+	185231916	Gibbulinella spec.		0	693696	Streptaxidae	molluscs	Native	07/02/2020	10:27	07/02/2020	32:02.2	ObsMapp	1	0	0	onbekend	exact aantal	onbekend	ter plaatse	"-15,74892"	"27,98283"	"27,98283195"	"-15,74891663"	 onbekend	Spain - Gran Canaria - Tejeda	Spain - Las Palmas	Spain	Y	N	https://observation.org/waarneming/view/185231916	25	110	1	O	0		-	Niet van toepassing	onbekend	"""juv. in coll"""			0
+	185231917	Monilearia spec.		0	685911	Helicidae (Tuinslakken e.a.)	molluscs	Native	07/02/2020	10:27	07/02/2020	31:11.6	ObsMapp	1	0	0	onbekend	exact aantal	onbekend	levend dier	"-15,74893"	"27,98282"	"27,9828167"	"-15,74892521"	 onbekend	Spain - Gran Canaria - Tejeda	Spain - Las Palmas	Spain	Y	N	https://observation.org/waarneming/view/185231917	25	110	1	O	0		-	Niet van toepassing	onbekend	"""persimilis niet in coll levend"""			0
+	185231918	Monilearia spec.		0	685911	Helicidae (Tuinslakken e.a.)	molluscs	Native	07/02/2020	10:26	07/02/2020	34:02.2	ObsMapp	1	0	0	onbekend	onbekend	onbekend	ter plaatse	"-15,74924"	"27,98274"	"27,9827423095703"	"-15,7492418289185"	 onbekend	Spain - Gran Canaria - Tejeda	Spain - Las Palmas	Spain	Y	N	https://observation.org/waarneming/view/185231918	25	110	1	O	0		-	-	onbekend	"""persimilis niet in coll"""			0
+	185231919	Caracollina lenticula		0	721479	Trissexodontidae	molluscs	Native	07/02/2020	10:26	07/02/2020	34:02.2	ObsMapp	1	0	0	onbekend	onbekend	onbekend	ter plaatse	"-15,74928"	"27,98272"	"27,982723236084"	"-15,7492771148682"	 onbekend	Spain - Gran Canaria - Tejeda	Spain - Las Palmas	Spain	Y	N	https://observation.org/waarneming/view/185231919	25	110	1	O	0		-	-	onbekend	"""niet in coll"""			0
+	185231920	Pomatias spec.		0	695122	Pomatiidae (Rondmondhorens)	molluscs	Native	07/02/2020	10:26	07/02/2020	27:29.9	ObsMapp	4	0	0	onbekend	exact aantal	onbekend	ter plaatse	"-15,74937"	"27,98271"	"27,98270607"	"-15,74937248"	 onbekend	Spain - Gran Canaria - Tejeda	Spain - Las Palmas	Spain	Y	N	https://observation.org/waarneming/view/185231920	25	110	1	O	0		-	Niet van toepassing	onbekend	"""laevigatus in coll (adult)"""			0
+	185231921	Pomatias spec.		0	695122	Pomatiidae (Rondmondhorens)	molluscs	Native	07/02/2020	09:58	07/02/2020	22:00.0	ObsMapp	1	0	0	onbekend	exact aantal	onbekend	ter plaatse	"-15,75104"	"27,98425"	"27,98424721"	"-15,75104427"	 onbekend	Spain - Gran Canaria - San Nicolás de Tolentino	Spain - Las Palmas	Spain	Y	N	https://observation.org/waarneming/view/185231921	25	110	1	O	0		-	Niet van toepassing	onbekend	"""laevigatus in coll"""			0
+	185231922	Xerotricha orbignii		0	546017	Hygromiidae (Loofslakken e.a.)	molluscs	Native	07/02/2020	09:57	07/02/2020	21:21.4	ObsMapp	3	0	0	onbekend	exact aantal	onbekend	ter plaatse	"-15,75099"	"27,98426"	"27,98425674"	"-15,75098705"	 onbekend	Spain - Gran Canaria - San Nicolás de Tolentino	Spain - Las Palmas	Spain	Y	N	https://observation.org/waarneming/view/185231922	25	110	1	O	0		-	Niet van toepassing	onbekend	"""in coll (2 adult, 1 juv.)"""			0
+	185231923	Mollusca indet.	Weekdier onbekend	0	26431	Mollusca indet.	molluscs	Native	07/02/2020	09:55	07/02/2020	18:00.0	ObsMapp	11	0	0	onbekend	exact aantal	onbekend	ter plaatse	"-15,75110"	"27,98420"	"27,98419952"	"-15,75110054"	 onbekend	Spain - Gran Canaria - San Nicolás de Tolentino	Spain - Las Palmas	Spain	Y	N	https://observation.org/waarneming/view/185231923	25	110	1	O	0		-	Niet van toepassing	onbekend	"""Napaeus interpunctatus (6 adult, 5 juv.) in coll"""			0
+	185231924	Caracollina lenticula		0	721479	Trissexodontidae	molluscs	Native	07/02/2020	09:55	07/02/2020	20:26.2	ObsMapp	7	0	0	onbekend	exact aantal	onbekend	ter plaatse	"-15,75112"	"27,98420"	"27,98419952"	"-15,75111675"	 onbekend	Spain - Gran Canaria - San Nicolás de Tolentino	Spain - Las Palmas	Spain	Y	N	https://observation.org/waarneming/view/185231924	25	110	1	O	0		-	Niet van toepassing	onbekend	"""in coll, adult"""			0
+	185231925	Monilearia spec.		0	685911	Helicidae (Tuinslakken e.a.)	molluscs	Native	07/02/2020	09:50	07/02/2020	16:02.9	ObsMapp	30	0	0	onbekend	schatting	onbekend	ter plaatse	"-15,75175"	"27,98427"	"27,98427391"	"-15,75175095"	 onbekend	Spain - Gran Canaria - San Nicolás de Tolentino	Spain - Las Palmas	Spain	Y	N	https://observation.org/waarneming/view/185231925	25	110	1	O	0		-	Niet van toepassing	onbekend	"""persimilis in coll"""			0
+	185231926	Hemicycla spec.		0	689642	Helicidae (Tuinslakken e.a.)	molluscs	Native	07/02/2020	09:46	07/02/2020	14:32.7	ObsMapp	30	0	0	onbekend	schatting	onbekend	ter plaatse	"-15,75283"	"27,98385"	"27,98385048"	"-15,75283241"	 onbekend	Spain - Gran Canaria - San Nicolás de Tolentino	Spain - Las Palmas	Spain	Y	N	https://observation.org/waarneming/view/185231926	25	110	1	O	0		-	Niet van toepassing	onbekend	"""psathyra temperata in coll"""			0
+	185231927	Pomatias spec.		0	695122	Pomatiidae (Rondmondhorens)	molluscs	Native	07/02/2020	09:05	07/02/2020	10:56.3	ObsMapp	6	0	0	onbekend	exact aantal	onbekend	ter plaatse	"-15,76625"	"27,97767"	"27,97766876"	"-15,7662487"	 onbekend	Spain - Gran Canaria - San Nicolás de Tolentino	Spain - Las Palmas	Spain	Y	N	https://observation.org/waarneming/view/185231927	25	110	1	O	0		-	Niet van toepassing	onbekend	"""laevigatus in coll"""			0
+	185231928	Gibbulinella spec.		0	693696	Streptaxidae	molluscs	Native	07/02/2020	09:00	07/02/2020	25:13.1	ObsMapp	4	0	0	onbekend	exact aantal	onbekend	ter plaatse	"-15,76634"	"27,97780"	"27,97780418"	"-15,76633644"	 onbekend	Spain - Gran Canaria - San Nicolás de Tolentino	Spain - Las Palmas	Spain	Y	N	https://observation.org/waarneming/view/185231928	25	110	1	O	0		-	Niet van toepassing	onbekend	"""3 adult, 1 juv. in coll"""			0
+	185231929	Xerotricha orbignii		0	546017	Hygromiidae (Loofslakken e.a.)	molluscs	Native	07/02/2020	08:52	07/02/2020	09:28.1	ObsMapp	3	0	0	onbekend	exact aantal	onbekend	ter plaatse	"-15,76833"	"27,97717"	"27,97716904"	"-15,76833057"	 onbekend	Spain - Gran Canaria - San Nicolás de Tolentino	Spain - Las Palmas	Spain	Y	N	https://observation.org/waarneming/view/185231929	25	110	1	O	0		-	Niet van toepassing	onbekend	"""3 juv in coll"""			0
+	185231930	Mollusca indet.	Weekdier onbekend	0	26431	Mollusca indet.	molluscs	Native	07/02/2020	08:49	07/02/2020	08:23.6	ObsMapp	2	0	0	onbekend	exact aantal	onbekend	ter plaatse	"-15,76831"	"27,97717"	"27,97716904"	"-15,76831055"	 onbekend	Spain - Gran Canaria - San Nicolás de Tolentino	Spain - Las Palmas	Spain	Y	N	https://observation.org/waarneming/view/185231930	25	110	1	O	0		-	Niet van toepassing	onbekend	"""Insulivitrina nogalesi in coll"""			0
+	185231931	Monilearia spec.		0	685911	Helicidae (Tuinslakken e.a.)	molluscs	Native	07/02/2020	08:42	07/02/2020	07:43.4	ObsMapp	20	0	0	onbekend	schatting	onbekend	ter plaatse	"-15,76835"	"27,97726"	"27,97725868"	"-15,76834965"	 onbekend	Spain - Gran Canaria - San Nicolás de Tolentino	Spain - Las Palmas	Spain	Y	N	https://observation.org/waarneming/view/185231931	25	110	1	O	0		-	Niet van toepassing	onbekend	"""persimilis in coll"""			0
+	185231932	Caracollina lenticula		0	721479	Trissexodontidae	molluscs	Native	07/02/2020	08:41	07/02/2020	07:11.3	ObsMapp	1	0	0	onbekend	exact aantal	onbekend	ter plaatse	"-15,76836"	"27,97728"	"27,97727776"	"-15,76835728"	 onbekend	Spain - Gran Canaria - San Nicolás de Tolentino	Spain - Las Palmas	Spain	Y	N	https://observation.org/waarneming/view/185231932	25	110	1	O	0		-	Niet van toepassing	onbekend	"""in coll"""			0
+	185231933	Hemicycla spec.		0	689642	Helicidae (Tuinslakken e.a.)	molluscs	Native	07/02/2020	08:39	07/02/2020	04:15.8	ObsMapp	30	0	0	onbekend	schatting	onbekend	ter plaatse	"-15,76856"	"27,97743"	"27,97743225"	"-15,7685585"	 onbekend	Spain - Gran Canaria - San Nicolás de Tolentino	Spain - Las Palmas	Spain	Y	N	https://observation.org/waarneming/view/185231933	25	110	1	O	0		-	Niet van toepassing	onbekend	"""psathyra temperata in coll"""			0
+	185231934	Otala lactea	Getande melkslak	0	210249	Helicidae (Tuinslakken e.a.)	molluscs	Native	07/02/2020	08:30	07/02/2020	06:43.4	ObsMapp	2	0	0	onbekend	exact aantal	onbekend	ter plaatse	"-15,77147"	"27,97861"	"27,97860527"	"-15,77147293"	 onbekend	Spain - Gran Canaria - San Nicolás de Tolentino	Spain - Las Palmas	Spain	Y	N	https://observation.org/waarneming/view/185231934	25	110	1	O	0		-	Niet van toepassing	onbekend	"""adult niet in coll"""			0
+	185231935	Theba geminata		0	534770	Helicidae (Tuinslakken e.a.)	molluscs	Native	07/02/2020	08:26	07/02/2020	06:19.8	ObsMapp	3	0	0	onbekend	exact aantal	onbekend	levend dier	"-15,77174"	"27,97904"	"27,97904205"	"-15,77173615"	 onbekend	Spain - Gran Canaria - San Nicolás de Tolentino	Spain - Las Palmas	Spain	Y	N	https://observation.org/waarneming/view/185231935	25	110	1	O	0		-	Niet van toepassing	onbekend	"""levend niet in coll adult"""			0
+	185231936	Theba geminata		0	534770	Helicidae (Tuinslakken e.a.)	molluscs	Native	07/02/2020	08:26	07/02/2020	34:02.5	ObsMapp	20	0	0	onbekend	schatting	onbekend	ter plaatse	"-15,77174"	"27,97903"	"27,9790344238281"	"-15,7717351913452"	 onbekend	Spain - Gran Canaria - San Nicolás de Tolentino	Spain - Las Palmas	Spain	Y	N	https://observation.org/waarneming/view/185231936	25	110	1	O	0		-	-	onbekend	"""in coll"""			0
+	185231937	Hemicycla spec.		0	689642	Helicidae (Tuinslakken e.a.)	molluscs	Native	07/02/2020	08:25	07/02/2020	05:54.9	ObsMapp	1	0	0	onbekend	exact aantal	onbekend	ter plaatse	"-15,77190"	"27,97922"	"27,97922134"	"-15,77190495"	 onbekend	Spain - Gran Canaria - San Nicolás de Tolentino	Spain - Las Palmas	Spain	Y	N	https://observation.org/waarneming/view/185231937	25	110	1	O	0		-	Niet van toepassing	onbekend	"""psathyra temperata adult niet in coll"""			0
+	185231938	Otala lactea	Getande melkslak	0	210249	Helicidae (Tuinslakken e.a.)	molluscs	Native	07/02/2020	08:00	07/02/2020	05:27.9	ObsMapp	5	0	0	onbekend	exact aantal	onbekend	ter plaatse	"-15,78274"	"27,98453"	"27,98452568"	"-15,78273773"	 onbekend	Spain - Gran Canaria - San Nicolás de Tolentino	Spain - Las Palmas	Spain	Y	N	https://observation.org/waarneming/view/185231938	25	110	1	O	0		-	Niet van toepassing	onbekend	"""adult niet in coll"""			0
+	185283670	Mollusca indet.	Weekdier onbekend	0	26431	Mollusca indet.	molluscs	Native	07/02/2020	09:05	08/02/2020	12:23.9	copied observation	4	0	0	onbekend	exact aantal	onbekend	ter plaatse	"-15,76625"	"27,97767"	"27,97766876"	"-15,7662487"	 onbekend	Spain - Gran Canaria - San Nicolás de Tolentino	Spain - Las Palmas	Spain	Y	N	https://observation.org/waarneming/view/185283670	25	110	1	O	0		-	Niet van toepassing	onbekend	"""Napaeus interpunctatus (3 adult, 1 juv) in coll"""			0
+	185283685	Mollusca indet.	Weekdier onbekend	0	26431	Mollusca indet.	molluscs	Native	07/02/2020	09:05	08/02/2020	13:08.4	copied observation	1	0	0	onbekend	exact aantal	onbekend	ter plaatse	"-15,76625"	"27,97767"	"27,97766876"	"-15,7662487"	 onbekend	Spain - Gran Canaria - San Nicolás de Tolentino	Spain - Las Palmas	Spain	Y	N	https://observation.org/waarneming/view/185283685	25	110	1	O	0		-	Niet van toepassing	onbekend	"""Napaeus venegueraensis (1 adult) in coll"""			0
+	185284017	Hemicycla spec.		0	689642	Helicidae (Tuinslakken e.a.)	molluscs	Native	07/02/2020	09:50	08/02/2020	16:50.1	copied observation	3	0	0	onbekend	exact aantal	onbekend	ter plaatse	"-15,75175"	"27,98427"	"27,98427391"	"-15,75175095"	 onbekend	Spain - Gran Canaria - San Nicolás de Tolentino	Spain - Las Palmas	Spain	Y	N	https://observation.org/waarneming/view/185284017	25	110	1	O	0		-	Niet van toepassing	onbekend	"""saponacea (3 adult) in coll"""			0
+	185284209	Mollusca indet.	Weekdier onbekend	0	26431	Mollusca indet.	molluscs	Native	07/02/2020	09:55	08/02/2020	19:26.7	copied observation	5	0	0	onbekend	exact aantal	onbekend	ter plaatse	"-15,75110"	"27,98420"	"27,98419952"	"-15,75110054"	 onbekend	Spain - Gran Canaria - San Nicolás de Tolentino	Spain - Las Palmas	Spain	Y	N	https://observation.org/waarneming/view/185284209	25	110	1	O	0		-	Niet van toepassing	onbekend	"""Napaeus validoi (4 adult, 1 juv.) in coll"""			0
+	185284261	Gibbulinella spec.		0	693696	Streptaxidae	molluscs	Native	07/02/2020	09:58	08/02/2020	23:09.9	copied observation	3	0	0	onbekend	exact aantal	onbekend	ter plaatse	"-15,75104"	"27,98425"	"27,98424721"	"-15,75104427"	 onbekend	Spain - Gran Canaria - San Nicolás de Tolentino	Spain - Las Palmas	Spain	Y	N	https://observation.org/waarneming/view/185284261	25	110	1	O	0		-	Niet van toepassing	onbekend	"""1 adult, 2 juv."""			0
+	185284331	Mollusca indet.	Weekdier onbekend	0	26431	Mollusca indet.	molluscs	Native	07/02/2020	10:27	08/02/2020	29:08.8	copied observation	2	0	0	onbekend	exact aantal	onbekend	ter plaatse	"-15,74889"	"27,98284"	"27,98283958"	"-15,74889183"	 onbekend	Spain - Gran Canaria - Tejeda	Spain - Las Palmas	Spain	Y	N	https://observation.org/waarneming/view/185284331	25	110	1	O	0		-	Niet van toepassing	onbekend	"""Napaeus validoi adult, in coll"""			0
+	185284414	Hemicycla spec.		0	689642	Helicidae (Tuinslakken e.a.)	molluscs	Native	07/02/2020	10:27	08/02/2020	30:50.3	copied observation	4	0	0	onbekend	exact aantal	onbekend	ter plaatse	"-15,74889"	"27,98284"	"27,98283958"	"-15,74889183"	 onbekend	Spain - Gran Canaria - Tejeda	Spain - Las Palmas	Spain	Y	N	https://observation.org/waarneming/view/185284414	25	110	1	O	0		-	Niet van toepassing	onbekend	"""saponacea 4 adult in coll"""			0
+	185273060	Hemicycla spec.		0	689642	Helicidae (Tuinslakken e.a.)	molluscs	Native	08/02/2020	15:00	08/02/2020	58:25.4	ObsMapp	4	0	0	onbekend	exact aantal	onbekend	ter plaatse	"-15,67840"	"27,77305"	"27,77305031"	"-15,67839622"	 onbekend	Spain - Gran Canaria - Mogán	Spain - Las Palmas	Spain	Y	N	https://observation.org/waarneming/view/185273060	25	110	1	O	0		-	Niet van toepassing	onbekend	"""psathyra psathyra adult in coll"""			0
+	185273061	Caracollina lenticula		0	721479	Trissexodontidae	molluscs	Native	08/02/2020	14:55	08/02/2020	34:02.0	ObsMapp	20	0	0	onbekend	schatting	onbekend	ter plaatse	"-15,67831"	"27,77302"	"27,773021697998"	"-15,6783113479614"	 onbekend	Spain - Gran Canaria - Mogán	Spain - Las Palmas	Spain	Y	N	https://observation.org/waarneming/view/185273061	25	110	1	O	0		-	-	onbekend	"""niet in coll"""			0
+	185273062	Monilearia spec.		0	685911	Helicidae (Tuinslakken e.a.)	molluscs	Native	08/02/2020	14:48	08/02/2020	57:57.6	ObsMapp	36	0	0	onbekend	exact aantal	onbekend	ter plaatse	"-15,67827"	"27,77289"	"27,772892"	"-15,67826843"	 onbekend	Spain - Gran Canaria - Mogán	Spain - Las Palmas	Spain	Y	N	https://observation.org/waarneming/view/185273062	25	110	1	O	0		-	Niet van toepassing	onbekend	"""arguineguinensis in coll (20 adult, 16 juv)"""			0
+	185273063	Hemicycla spec.		0	689642	Helicidae (Tuinslakken e.a.)	molluscs	Native	08/02/2020	14:48	08/02/2020	54:59.6	ObsMapp	17	0	0	onbekend	exact aantal	onbekend	ter plaatse	"-15,67827"	"27,77289"	"27,772892"	"-15,67826939"	 onbekend	Spain - Gran Canaria - Mogán	Spain - Las Palmas	Spain	Y	N	https://observation.org/waarneming/view/185273063	25	110	1	O	0		-	Niet van toepassing	onbekend	"""saponacea in coll (14 adult, 3 juv)"""			0
